Unnamed: 0,NAME,B08133_001E,B08011_001E,B08011_007E,B08133_007E,B08011_008E,B08133_008E,B08011_009E,B08133_009E,B08011_010E,B08133_010E,B08011_011E,B08133_011E,B08011_012E,B08133_012E,B08011_013E,B08133_013E,B08136_002E,B08136_007E,B08136_012E,B08006_002E,B08006_008E,B08006_016E,mhi,B08006_001E,B08201_001E,B08201_002E,B08201_003E,B08201_004E,B08201_005E,B08201_006E,B25003_001E,B25003_002E,B25003_003E,total_population_race,num_white_alone,num_baa_alone,B02001_004E,B02001_005E,B02001_008E,B02008_001E,B02009_001E,B02010_001E,B02011_001E,B02012_001E,state,zip code tabulation area,avg_time_agg,avg_time_to_work_7_8am,avg_time_to_work_8_9am,avg_time_to_work_9_10am,avg_travel_ctv,avg_travel_pt,pct_workers_ctv,pct_workers_pt,pct_households_no_car,pct_households_one_car,pct_households_two_cars,pct_households_three_cars,pct_households_four_more_cars,pct_households_min_car,pct_renter_occupied_units,pct_owner_occupied_units,pct_white,pct_nonwhite,year,zip
0,ZCTA5,197545.0,7375,1362,35725.0,1258,36590.0,1238,31505.0,709,14845.0,585,12780.0,206,3810.0,56,1140.0,182755.0,13440.0,780.0,7005,225,0,108776.0,7916,6235,225,1507,3085,1065,353,6235,5499,736,16280,15329,127,0,425,398,15722,200,102,653,0,44,2806,26.785762711864407,27.60114503816794,23.805855161787367,20.97345132743363,26.08922198429693,59.73333333333333,88.49166245578574,2.842344618494189,3.608660785886127,24.170008019246197,49.478748997594224,17.080994386527667,5.6615878107457895,96.39133921411388,11.804330392943063,88.19566960705694,94.15847665847666,5.841523341523342,2015,02806
1,ZCTA5,440305.0,16365,2577,68480.0,2235,60605.0,1619,39770.0,696,17380.0,1027,21420.0,317,11960.0,224,5200.0,,,,16172,81,25,65521.0,16770,13084,610,4024,5215,2073,1162,13084,10304,2780,32695,31697,209,0,195,533,32124,540,129,349,49,44,2816,26.90528567063856,26.825644222776397,24.68682505399568,24.83630952380953,,,96.43410852713178,0.4830053667262969,4.662182818709875,30.755120758177927,39.85784163864262,15.84377866095995,8.881076123509631,95.33781718129012,21.247324977071237,78.75267502292877,96.94754549625326,3.05245450374675,2015,02816
2,ZCTA5,,3577,474,,529,,633,,223,,110,,80,,9,,,,,3506,29,8,73214.0,3613,2940,206,793,1366,358,217,2940,2369,571,7492,7191,121,0,89,81,7268,148,5,127,0,44,2828,,,,,,,97.03847218378078,0.8026570716855799,7.006802721088436,26.972789115646258,46.46258503401361,12.17687074829932,7.380952380952381,92.99319727891157,19.421768707482997,80.57823129251702,95.9823812066204,4.017618793379605,2015,02828
3,ZCTA5,,2580,453,,217,,330,,89,,72,,19,,51,,86075.0,-666666666.0,-666666666.0,2580,0,0,71042.0,2701,2028,145,478,873,419,113,2028,1392,636,5006,4797,93,0,42,48,4845,93,0,77,0,44,2832,,,,,33.3624031007752,-inf,95.52017771195852,0.0,7.149901380670612,23.57001972386588,43.0473372781065,20.660749506903358,5.571992110453649,92.8500986193294,31.360946745562128,68.63905325443787,95.8250099880144,4.174990011985617,2015,02832
4,ZCTA5,,1922,289,,214,,74,,66,,240,,0,,0,,,,,1906,16,0,58226.0,1995,1425,15,717,477,199,17,1425,763,662,3878,3662,145,6,0,65,3727,191,12,13,0,44,2838,,,,,,,95.53884711779448,0.8020050125313283,1.0526315789473684,50.31578947368421,33.473684210526315,13.964912280701755,1.1929824561403508,98.94736842105264,46.45614035087719,53.54385964912281,94.43011861784424,5.56988138215575,2015,02838
5,ZCTA5,465690.0,17260,2760,87580.0,2281,52515.0,2025,48065.0,1274,25680.0,1190,22520.0,360,6590.0,41,520.0,,,,16251,505,311,75362.0,17821,13362,1053,3984,5765,1796,764,13362,9920,3442,34003,32143,246,31,673,414,32476,411,92,861,0,44,2864,26.980880648899188,27.791112874429675,22.353743558654138,18.780645161290323,,,91.19016890185736,2.83373548061276,7.880556802873821,29.815895823978444,43.14473881155516,13.441101631492293,5.7177069301002845,92.1194431971262,25.759616823828768,74.24038317617124,94.5298944210805,5.470105578919507,2015,02864
6,ZCTA5,216995.0,7835,1275,36015.0,1165,27775.0,939,20235.0,340,7710.0,578,15055.0,169,3445.0,108,2330.0,,,,7702,59,37,71901.0,8076,6670,249,1888,3022,912,599,6670,5293,1377,15818,15353,133,0,51,222,15575,244,33,123,6,44,2878,27.69559668155712,26.14344262295082,21.84910086004691,24.76572958500669,,,95.3689945517583,0.7305596830113917,3.733133433283358,28.30584707646177,45.30734632683659,13.673163418290851,8.980509745127437,96.26686656671664,20.644677661169418,79.35532233883058,97.06031103805792,2.939688961942091,2015,02878
7,ZCTA5,,2257,441,,254,,158,,95,,284,,0,,76,,,,,2216,4,33,90905.0,2365,1749,0,363,901,326,159,1749,1601,148,4434,4122,73,44,1,79,4201,152,59,1,0,44,2892,,,,,,,93.69978858350952,0.1691331923890063,0.0,20.75471698113208,51.51515151515152,18.63922241280732,9.090909090909092,100.0,8.461978273299028,91.53802172670098,92.96346414073072,7.036535859269283,2015,02892
8,ZCTA5,331840.0,14587,1602,41970.0,2015,38965.0,1920,41025.0,764,11795.0,737,20560.0,329,6875.0,285,4495.0,,,,14034,316,32,49622.0,15055,12964,1201,5529,4368,1506,360,12964,6709,6255,29561,26468,713,17,1007,722,27092,1089,176,1231,74,44,2893,22.74902310276273,22.376278683992258,19.6795827123696,25.73639774859287,,,93.21819993357688,2.0989704417137163,9.264116013576055,42.64887380438137,33.69330453563715,11.616784942918851,2.776920703486578,90.73588398642394,48.2489972230793,51.75100277692071,89.536889821048,10.463110178951998,2015,02893
9,ZCTA5,444430.0,17075,1938,49725.0,1624,36995.0,1426,27920.0,637,11855.0,943,20630.0,565,10965.0,272,6900.0,397350.0,14675.0,16545.0,15306,257,841,36420.0,17513,17324,3273,7076,5073,1423,479,17324,6642,10682,41213,33523,3157,86,2782,1045,34449,3733,229,2981,0,44,2895,26.02811127379209,24.345873104997192,19.28017450315075,20.95159151193634,25.960407683261465,57.1011673151751,87.39793296408382,1.467481299606007,18.892865389055647,40.845070422535215,29.28307550219349,8.21403832833064,2.764950357885015,81.10713461094436,61.66012468252136,38.33987531747864,81.34083905563779,18.659160944362217,2015,02895
10,ZCTA5,217265.0,10106,1552,37755.0,1401,31865.0,1326,24700.0,525,8310.0,824,12350.0,344,5170.0,194,2590.0,201245.0,12815.0,-666666666.0,9642,254,0,58163.0,10354,7801,378,3131,3128,823,341,7801,5306,2495,20613,16159,990,60,2007,588,16694,1272,118,2250,26,44,2910,21.49861468434593,23.57602438198442,17.833603457590492,15.0,20.87170711470649,50.45275590551181,93.12343055823835,2.453158199729573,4.845532624022561,40.13588001538264,40.09742340725548,10.549929496218434,4.371234457120882,95.15446737597745,31.98307909242405,68.01692090757595,78.39227671857566,21.60772328142434,2015,02910
11,ZCTA5,206630.0,9795,1118,29755.0,1292,22670.0,1339,25185.0,526,9410.0,666,12015.0,366,5155.0,189,2170.0,,,,9029,557,56,45295.0,9848,8768,1156,3850,2828,748,186,8768,4276,4492,21971,16158,2243,39,498,1923,17318,3676,484,541,151,44,2914,21.09545686574783,21.75311203319502,18.549597855227884,16.637596899224807,,,91.68359057676686,5.655970755483347,13.184306569343066,43.90967153284672,32.253649635036496,8.531021897810218,2.1213503649635035,86.81569343065694,51.23175182481752,48.768248175182485,73.54239679577626,26.45760320422375,2015,02914
12,ZCTA5,176895.0,7681,1317,31245.0,1135,25595.0,840,16530.0,688,14950.0,324,6000.0,224,5245.0,29,340.0,,,,7463,100,28,53750.0,7872,7343,573,3005,2870,690,205,7343,4605,2738,16515,14866,459,22,633,476,15255,562,95,838,0,44,2915,23.03020440046869,23.181076672104403,20.602094240837697,20.52007299270073,,,94.80436991869918,1.2703252032520325,7.803350129374915,40.92332833991557,39.08484270734032,9.396704344273456,2.791774479095737,92.19664987062508,37.28721231104453,62.712787688955466,90.01513775355737,9.984862246442628,2015,02915
13,ZCTA5,,6398,937,,983,,1178,,434,,530,,98,,33,,,,,6244,92,20,98666.0,6573,4217,130,1105,1707,713,562,4217,3585,632,12217,10875,310,19,602,233,11108,381,52,764,0,44,2921,,,,,,,94.99467518636848,1.3996652974288757,3.0827602561062366,26.203462176903013,40.47901351671805,16.90775432772113,13.327009722551578,96.91723974389376,14.986957552762629,85.01304244723738,89.01530654006712,10.98469345993288,2015,02921
14,ZCTA5,326505.0,14843,2126,51390.0,2044,41975.0,2142,40255.0,1026,24790.0,1023,19135.0,214,6015.0,123,2750.0,,,,14569,122,71,58634.0,15117,11765,744,4412,4293,1580,736,11765,8080,3685,29122,26221,595,204,875,792,26938,1034,505,954,0,44,2919,21.997237755170783,22.38968824940048,20.53188131313131,20.331447049312853,,,96.37494211814511,0.8070384335516305,6.323841903952402,37.50106247343816,36.489587760306,13.42966425839354,6.255843603909902,93.6761580960476,31.321716957076077,68.67828304292392,90.03845889705377,9.961541102946226,2015,02919
15,ZCTA5,,103,26,,14,,28,,0,,0,,18,,0,,,,,103,0,0,,103,62,0,0,49,13,0,62,62,0,130,112,0,0,0,18,130,0,0,18,18,44,2815,,,,,,,100.0,0.0,0.0,0.0,79.03225806451613,20.967741935483872,0.0,100.0,0.0,100.0,86.15384615384616,13.846153846153848,2015,02815
16,ZCTA5,,1580,327,,195,,260,,22,,130,,50,,0,,,,,1551,18,11,86696.0,1625,1266,30,364,520,229,123,1266,1127,139,3191,3149,1,23,0,18,3167,1,41,0,0,44,2831,,,,,,,95.44615384615383,1.1076923076923075,2.3696682464454977,28.751974723538705,41.07424960505529,18.088467614533965,9.71563981042654,97.6303317535545,10.979462875197472,89.02053712480253,98.68379818238796,1.3162018176120338,2015,02831
17,ZCTA5,,3104,519,,324,,146,,108,,130,,68,,9,,,,,2925,32,19,61204.0,3173,2460,65,708,982,517,188,2460,1758,702,7059,6775,28,0,45,166,6937,85,67,88,0,44,2859,,,,,,,92.1840529467381,1.0085092971950835,2.642276422764228,28.78048780487805,39.918699186991866,21.016260162601625,7.642276422764227,97.35772357723576,28.536585365853657,71.46341463414633,95.97676724748548,4.02323275251452,2015,02859
18,ZCTA5,474830.0,19978,2822,75920.0,2021,40530.0,1840,35760.0,1172,26270.0,1152,26645.0,433,10355.0,318,7330.0,400300.0,56905.0,7180.0,17832,1049,244,35953.0,20218,17973,3602,7881,4793,1279,418,17973,6046,11927,45372,25297,10411,147,673,2373,26801,11985,728,908,232,44,2860,23.767644408849733,24.045013421433,20.594289508632137,23.34384858044164,22.448407357559443,54.24690181124881,88.19863487981007,5.188445939262044,20.041172870416737,43.84910699382407,26.6677794469482,7.116229900406165,2.3257107884048294,79.95882712958327,66.36065208924498,33.63934791075502,55.7546504452085,44.2453495547915,2015,02860
19,ZCTA5,,4336,585,,928,,595,,429,,178,,107,,26,,,,,4174,74,60,63717.0,4422,3657,222,1348,1535,438,114,3657,2456,1201,8656,7770,399,0,155,255,7990,560,93,198,5,44,2916,,,,,,,94.39167797376751,1.6734509271822704,6.070549630844955,36.86081487558108,41.97429587093246,11.977030352748152,3.1173092698933558,93.92945036915503,32.84112660650806,67.15887339349193,89.76432532347505,10.235674676524956,2015,02916
20,ZCTA5,179575.0,7814,1228,30950.0,1099,23515.0,1372,29315.0,552,11255.0,504,8745.0,129,1580.0,166,4180.0,,,,7508,152,113,72301.0,8032,6335,315,2085,2589,860,486,6335,4663,1672,16513,15052,364,13,436,408,15450,418,127,611,0,44,2865,22.9811876119785,23.405672539750757,21.086278586278585,16.311216429699844,,,93.47609561752988,1.8924302788844625,4.972375690607735,32.912391475927386,40.868192580899766,13.575374901341752,7.671665351223362,95.02762430939228,26.3930544593528,73.60694554064719,91.15242536183614,8.847574638163872,2015,02865
21,ZCTA5,171755.0,7631,801,19395.0,1116,20970.0,1324,26065.0,640,12320.0,396,6670.0,305,5265.0,132,3780.0,163060.0,3735.0,1320.0,7159,109,90,75303.0,7860,6916,417,2092,3046,986,375,6916,5159,1757,17127,16215,185,0,330,384,16534,297,159,459,8,44,2871,22.507535054383435,21.056338028169016,19.54429735234216,17.02567760342368,22.776924151417795,34.26605504587156,91.08142493638675,1.3867684478371505,6.029496818970504,30.2486986697513,44.0427993059572,14.256795835743205,5.422209369577791,93.9705031810295,25.40485829959514,74.59514170040485,94.67507444386058,5.324925556139429,2015,02871
22,ZCTA5,186625.0,7821,1267,30855.0,1004,20030.0,1027,21550.0,677,14060.0,284,5230.0,233,6900.0,59,750.0,169420.0,14000.0,1300.0,7351,248,51,52997.0,8130,6685,617,2802,2479,544,243,6685,3824,2861,15754,13848,646,244,509,377,14186,755,297,713,3,44,2911,23.86203810254443,22.406428885953325,20.89788732394366,23.46228239845261,23.04720446197796,56.45161290322581,90.41820418204182,3.050430504305043,9.229618548990278,41.914734480179504,37.08302169035153,8.137621540762902,3.6350037397157817,90.77038145100973,42.797307404637245,57.20269259536275,87.90148533705725,12.098514662942744,2015,02911
23,ZCTA5,253840.0,10174,1400,44770.0,1349,34940.0,1066,24745.0,510,10135.0,608,10720.0,419,8090.0,201,3545.0,,,,9199,137,96,62493.0,10672,8389,569,2780,3538,1073,429,8389,5622,2767,22364,21194,468,13,337,231,21409,523,111,380,45,44,2809,24.94987222331433,28.995998544925428,22.131979695431472,18.315481986368063,,,86.19752623688156,1.2837331334332835,6.782691619978544,33.13863392537847,42.17427583740613,12.790559065442842,5.113839551794016,93.21730838002146,32.98366909047562,67.01633090952438,94.76837774995528,5.2316222500447145,2015,02809
24,ZCTA5,,2975,530,,365,,224,,162,,156,,112,,27,,,,,2924,15,0,62904.0,3130,2547,131,786,952,500,178,2547,1839,708,6314,6182,28,0,42,62,6244,34,32,42,0,44,2830,,,,,,,93.4185303514377,0.4792332268370607,5.143305850019631,30.859835100117785,37.37730663525716,19.63093835885355,6.9886140557518655,94.85669414998036,27.79740871613663,72.20259128386337,97.90940766550524,2.0905923344947737,2015,02830
25,ZCTA5,,782,124,,88,,53,,0,,12,,30,,27,,,,,782,0,0,61023.0,782,567,7,191,221,105,43,567,436,131,1445,1421,0,0,24,0,1421,0,0,24,0,44,2839,,,,,,,100.0,0.0,1.2345679012345678,33.68606701940035,38.97707231040564,18.51851851851852,7.583774250440917,98.76543209876544,23.10405643738977,76.89594356261023,98.33910034602076,1.6608996539792389,2015,02839
26,ZCTA5,,268,58,,80,,13,,14,,0,,0,,0,,,,,268,0,0,85096.0,268,173,0,103,58,12,0,173,83,90,426,412,0,0,0,14,426,0,14,0,0,44,2875,,,,,,,100.0,0.0,0.0,59.53757225433526,33.52601156069364,6.9364161849710975,0.0,100.0,52.02312138728323,47.97687861271676,96.71361502347418,3.286384976525822,2015,02875
27,ZCTA5,,331,77,,57,,37,,10,,49,,0,,2,,,,,286,7,0,84750.0,479,426,19,106,169,68,64,426,330,96,906,864,7,0,15,12,876,10,9,15,0,44,2807,,,,,,,59.707724425887264,1.4613778705636742,4.460093896713615,24.88262910798122,39.671361502347416,15.96244131455399,15.023474178403756,95.53990610328638,22.53521126760564,77.46478873239437,95.36423841059604,4.635761589403973,2015,02807
28,ZCTA5,251520.0,10813,1350,34195.0,1776,39950.0,1631,36820.0,880,20855.0,763,13415.0,337,5425.0,116,1885.0,240040.0,8275.0,1355.0,10409,198,38,75746.0,11312,8960,557,2630,4084,1240,449,8960,6370,2590,22358,20453,357,186,707,438,20878,357,217,1109,87,44,2852,23.260889669841852,23.718809980806142,22.9689366786141,17.12727272727273,23.06081275819003,41.792929292929294,92.01732673267328,1.7503536067892504,6.216517857142858,29.35267857142857,45.58035714285714,13.839285714285715,5.011160714285714,93.78348214285714,28.90625,71.09375,91.47955988907772,8.520440110922264,2015,02852
29,ZCTA5,231570.0,9340,1597,43730.0,1409,33160.0,1342,30060.0,625,11420.0,604,11110.0,245,8300.0,197,1850.0,211950.0,13240.0,3890.0,8779,159,128,70076.0,9829,8248,671,2432,3387,1243,515,8248,6037,2211,20358,18828,299,484,254,396,19179,479,560,300,0,44,2879,24.79336188436831,25.57884231536926,21.08795119471276,22.862190812720847,24.14284087025857,83.27044025157232,89.31732627937735,1.6176620205514296,8.135305528612998,29.485935984481088,41.06450048496605,15.070320077594568,6.243937924345295,91.864694471387,26.80649854510184,73.19350145489815,92.4845269672856,7.515473032714412,2015,02879
30,ZCTA5,315170.0,13606,1819,48650.0,2085,46630.0,1954,39040.0,1134,22775.0,1162,27675.0,154,2270.0,191,2765.0,297905.0,13130.0,2940.0,13093,218,91,66598.0,14024,12427,825,4890,4512,1683,517,12427,8390,4037,28330,26413,132,15,666,688,27075,289,221,914,8,44,2886,23.16404527414376,24.40573770491803,20.01781088082901,22.75455927051672,22.752997785075998,60.22935779816514,93.36138049058756,1.5544780376497431,6.63877041924841,39.34980284863603,36.30803894745313,13.54309165526676,4.160296129395671,93.3612295807516,32.48571658485556,67.51428341514443,93.2333215672432,6.766678432756796,2015,02886
31,ZCTA5,361265.0,14011,2123,54285.0,1709,46880.0,1374,32780.0,785,14585.0,790,17425.0,412,10245.0,118,3390.0,,,,13750,141,23,66618.0,14318,11158,583,3347,5056,1603,569,11158,8560,2598,27915,26096,444,112,511,520,26564,683,354,572,0,44,2889,25.78438369852259,26.40005219206681,21.938397406206576,23.019966722129784,,,96.03296549797456,0.9847744098337756,5.224950708012189,29.99641512815917,45.31278006811256,14.366373902132995,5.099480193583079,94.7750492919878,23.28374260620183,76.71625739379817,93.48379007701952,6.516209922980476,2015,02889
32,ZCTA5,,3200,663,,476,,453,,239,,246,,56,,0,,,,,3076,35,30,120139.0,3355,2329,0,522,1203,486,118,2329,2104,225,6621,6411,62,0,54,33,6444,87,8,54,0,44,2874,,,,,,,91.68405365126677,1.0432190760059614,0.0,22.413052812365823,51.65306998711894,20.867325032202665,5.0665521683125805,100.0,9.660798626019751,90.33920137398025,96.8282736746715,3.1717263253285,2015,02874
33,ZCTA5,130330.0,5293,964,26215.0,601,12990.0,433,11220.0,316,5175.0,269,5595.0,168,3560.0,158,3620.0,,,,4858,183,21,54886.0,5399,4666,360,1882,1715,527,182,4666,2561,2105,10532,10340,27,0,44,109,10449,38,55,82,5,44,2885,24.623087096164745,25.05111821086262,21.889185580774367,20.94965675057208,,,89.97962585664013,3.3895165771439157,7.715387912558937,40.33433347621089,36.75525075010716,11.294470638662666,3.900557222460351,92.28461208744106,45.11358765537934,54.88641234462066,98.17698442840866,1.8230155715913403,2015,02885
34,ZCTA5,232805.0,10427,1304,31495.0,1351,26830.0,1526,34695.0,736,14610.0,376,9025.0,393,7935.0,103,1590.0,226750.0,4700.0,865.0,10235,79,34,61582.0,10510,8555,648,3308,3156,987,456,8555,6267,2288,20010,17528,510,0,765,347,17864,610,85,831,0,44,2888,22.32713148556632,21.96798493408663,21.79708222811671,22.054616384915477,22.154372252076207,59.49367088607595,97.38344433872504,0.7516650808753568,7.574517825832847,38.667445938047926,36.89070718877849,11.537112799532435,5.330216247808299,92.42548217416714,26.74459380479252,73.25540619520748,87.59620189905047,12.403798100949526,2015,02888
35,ZCTA5,,471,81,,12,,13,,82,,0,,13,,0,,,,,471,0,0,95945.0,471,290,0,28,138,97,27,290,203,87,755,726,0,0,29,0,726,0,0,29,0,44,2894,,,,,,,100.0,0.0,0.0,9.655172413793103,47.58620689655172,33.44827586206897,9.310344827586208,100.0,30.0,70.0,96.158940397351,3.841059602649007,2015,02894
36,ZCTA5,100630.0,4978,314,9760.0,441,7065.0,673,11155.0,520,7020.0,516,6740.0,214,2815.0,221,2590.0,49550.0,19270.0,13255.0,2439,432,108,30292.0,5359,4607,1811,1902,737,112,45,4607,799,3808,10440,7083,1021,136,1251,321,7302,1224,257,1315,19,44,2903,20.21494576134994,22.28476821192053,15.234702430846603,13.08904109589041,20.31570315703157,44.60648148148148,45.51222242955775,8.061205448777757,39.30974603863685,41.28500108530497,15.997395268070328,2.4310831343607555,0.9767744736270892,60.69025396136314,82.65682656826569,17.343173431734318,67.8448275862069,32.1551724137931,2015,02903
37,ZCTA5,364580.0,16264,1772,47960.0,1556,31750.0,2162,43450.0,910,16440.0,1290,22555.0,883,15045.0,231,5380.0,,,,13796,1043,121,44536.0,16965,12310,1561,4970,4509,1041,229,12310,5198,7112,38132,21490,7431,575,1898,1633,22713,8565,1185,2118,14,44,2908,22.416379734382687,23.951322115384617,19.49544270833333,17.303267372296364,,,81.3203654582965,6.147951665193045,12.680747359870024,40.37367993501218,36.62875710804224,8.456539398862713,1.860276198212835,87.31925264012997,57.77416734362307,42.22583265637693,56.3568656246722,43.64313437532781,2015,02908
38,ZCTA5,341890.0,15538,2478,61350.0,1938,41145.0,2248,49610.0,1062,16400.0,1067,16560.0,577,10970.0,213,3760.0,,,,14900,414,48,48672.0,15937,14358,1185,5933,5268,1500,472,14358,8576,5782,38117,30332,2188,407,1795,1426,31215,3058,785,2181,58,44,2920,22.003475350752996,23.20991847826087,19.942598187311177,16.74574209245742,,,93.49312919621008,2.597728556189998,8.253238612620143,41.321911129683805,36.69034684496448,10.447137484329296,3.2873659284022847,91.74676138737986,40.27023262292799,59.729767377072015,79.57604218590131,20.423957814098696,2015,02920
39,ZCTA5,,300,81,,53,,37,,0,,16,,0,,21,,,,,288,0,12,63229.0,321,278,0,73,169,36,0,278,201,77,625,625,0,0,0,0,625,0,0,0,0,44,2833,,,,,,,89.7196261682243,0.0,0.0,26.258992805755398,60.79136690647482,12.949640287769784,0.0,100.0,27.697841726618705,72.3021582733813,100.0,0.0,2015,02833
40,ZCTA5,222930.0,7734,876,20410.0,354,6905.0,489,14165.0,107,4545.0,276,7025.0,380,8455.0,155,4910.0,,,,6615,411,267,29108.0,7859,6413,1414,2950,1431,403,215,6413,1583,4830,19378,10438,3974,162,29,765,10917,4311,454,58,21,44,2863,28.82467028704422,22.20731707317073,31.392617449664428,23.59756097560976,,,84.17101412393434,5.229672986385036,22.048963043817245,46.00031186652112,22.31404958677686,6.28411040074848,3.352565102136286,77.95103695618275,75.31576485264307,24.68423514735693,53.86520796779853,46.13479203220147,2015,02863
41,ZCTA5,154620.0,5801,1037,28425.0,521,12095.0,742,18900.0,402,7370.0,401,9995.0,117,2250.0,27,630.0,150375.0,2235.0,1655.0,5669,33,62,80677.0,6097,4481,331,1154,1653,906,437,4481,3361,1120,11908,11751,35,6,75,40,11778,40,6,110,0,44,2896,26.65402516807447,26.00770218228498,22.963286713286717,23.638996138996134,26.52584230022932,67.72727272727273,92.98015417418402,0.5412497949811382,7.386744030350369,25.75318009372908,36.88908725730863,20.218701182771703,9.752287435840216,92.61325596964964,24.9944208881946,75.0055791118054,98.68155861605644,1.3184413839435674,2015,02896
42,ZCTA5,275965.0,13052,1545,30370.0,1800,34670.0,1794,31160.0,798,13120.0,821,12655.0,315,6485.0,276,8090.0,,,,12109,434,154,41233.0,13348,12721,2004,5521,3756,923,517,12721,6561,6160,29467,20251,4458,42,809,1146,20732,5341,291,963,317,44,2904,21.1435029114312,19.443946188340806,17.083333333333332,16.848591549295776,,,90.71771051842973,3.251423434222355,15.753478500117916,43.40067604748055,29.52598066189765,7.25571889002437,4.064145900479522,84.24652149988209,48.423866048266646,51.57613395173335,68.72433569755998,31.275664302440013,2015,02904
43,ZCTA5,405340.0,16513,1676,37025.0,1377,32500.0,2611,63555.0,810,17515.0,1982,41755.0,844,18165.0,462,6830.0,,,,13101,1779,758,29667.0,17109,14891,3367,6984,3582,632,326,14891,4281,10610,43243,17509,5222,570,2666,1684,18501,6248,1102,2810,104,44,2909,24.54672076545752,22.772682607271538,23.69774919614148,21.203113941967445,,,76.57373312291776,10.398036121339644,22.610973070982475,46.90081257135182,24.05479820025519,4.244174333490028,2.1892418239204887,77.38902692901752,71.2510912631791,28.7489087368209,40.48979025507018,59.510209744929824,2015,02909
44,ZCTA5,142535.0,6440,1161,25340.0,986,18525.0,896,20835.0,441,8385.0,401,7570.0,81,880.0,141,2290.0,,,,5728,24,71,70258.0,6660,4299,155,1327,1820,631,366,4299,3400,899,14017,13100,172,69,423,163,13209,255,111,470,41,44,2917,22.13276397515528,20.43083372147182,21.8548990276739,17.53112033195021,,,86.006006006006,0.3603603603603603,3.605489648755525,30.86764363805536,42.33542684345197,14.67783205396604,8.51360781577111,96.39451035124448,20.911839962782043,79.08816003721796,93.45794392523364,6.5420560747663545,2015,02917
45,ZCTA5,,554,102,,54,,80,,75,,54,,13,,32,,13150.0,-666666666.0,-666666666.0,554,0,0,48495.0,554,424,15,229,104,12,64,424,165,259,1079,1005,0,0,0,0,1005,0,0,0,0,44,2802,,,,,23.736462093862816,-inf,100.0,0.0,3.537735849056604,54.00943396226416,24.52830188679245,2.8301886792452837,15.09433962264151,96.4622641509434,61.08490566037735,38.91509433962264,93.14179796107508,6.85820203892493,2015,02802
46,ZCTA5,,301,130,,0,,0,,0,,0,,17,,0,,,,,301,0,0,,301,328,16,194,83,35,0,328,265,63,690,690,0,0,0,0,690,0,0,0,0,44,2826,,,,,,,100.0,0.0,4.878048780487805,59.14634146341463,25.304878048780488,10.670731707317072,0.0,95.1219512195122,19.20731707317073,80.79268292682927,100.0,0.0,2015,02826
47,ZCTA5,,709,157,,51,,52,,0,,5,,0,,0,,5885.0,520.0,470.0,274,13,81,-666666666.0,1163,0,0,0,0,0,0,0,0,0,1293,1012,160,0,70,51,1062,188,1,101,0,44,2841,,,,,21.478102189781023,40.0,23.5597592433362,1.117798796216681,,,,,,,,,78.2675947409126,21.732405259087397,2015,02841
48,ZCTA5,,104,11,,0,,0,,52,,0,,0,,0,,,,,93,11,0,,104,120,0,20,43,45,12,120,120,0,234,234,0,0,0,0,234,0,0,0,0,44,2872,,,,,,,89.42307692307693,10.576923076923077,0.0,16.666666666666664,35.833333333333336,37.5,10.0,100.0,0.0,100.0,100.0,0.0,2015,02872
49,ZCTA5,,176,24,,0,,0,,0,,22,,0,,0,,5045.0,-666666666.0,-666666666.0,176,0,0,71296.0,176,123,0,77,24,0,22,123,99,24,218,218,0,0,0,0,218,0,0,0,0,44,2873,,,,,28.664772727272727,-inf,100.0,0.0,0.0,62.60162601626016,19.51219512195122,0.0,17.88617886178862,100.0,19.51219512195122,80.48780487804879,100.0,0.0,2015,02873
50,ZCTA5,,202,35,,64,,18,,0,,0,,0,,0,,6200.0,-666666666.0,-666666666.0,202,0,0,,202,138,0,56,33,49,0,138,49,89,251,251,0,0,0,0,251,0,0,0,0,44,2876,,,,,30.69306930693069,-inf,100.0,0.0,0.0,40.57971014492754,23.91304347826087,35.507246376811594,0.0,100.0,64.4927536231884,35.507246376811594,100.0,0.0,2015,02876
51,ZCTA5,,506,8,,27,,35,,13,,20,,42,,15,,,,,106,22,11,-666666666.0,568,0,0,0,0,0,0,0,0,0,1538,1159,97,0,175,43,1196,103,3,209,20,44,2912,,,,,,,18.66197183098592,3.873239436619718,,,,,,,,,75.35760728218466,24.642392717815344,2015,02912
52,ZCTA5,,1237,101,,133,,127,,91,,23,,14,,67,,,,,1237,0,0,68958.0,1275,825,57,251,240,198,79,825,720,105,2228,1989,173,53,0,0,1989,173,53,0,0,44,2808,,,,,,,97.01960784313724,0.0,6.909090909090909,30.424242424242426,29.09090909090909,24.0,9.575757575757576,93.0909090909091,12.727272727272728,87.27272727272727,89.27289048473968,10.727109515260324,2015,02808
53,ZCTA5,,847,237,,15,,134,,79,,37,,13,,0,,,,,814,18,15,112901.0,892,497,0,76,271,138,12,497,481,16,1669,1519,126,0,24,0,1519,126,0,24,0,44,2812,,,,,,,91.25560538116592,2.0179372197309418,0.0,15.29175050301811,54.52716297786721,27.76659959758551,2.414486921529175,100.0,3.2193158953722336,96.78068410462777,91.01258238466148,8.987417615338526,2015,02812
54,ZCTA5,200100.0,8440,1261,32790.0,1377,35005.0,1149,23265.0,902,15800.0,552,8850.0,348,4940.0,93,2305.0,182480.0,9835.0,6950.0,8001,170,98,84409.0,8891,7458,450,2316,3093,1018,581,7458,5603,1855,18065,16824,231,43,508,421,17245,400,197,598,0,44,2818,23.708530805687204,25.699393479909023,19.046806435884932,15.322222222222225,22.807149106361702,57.85294117647059,89.98987740411653,1.9120458891013383,6.033789219629927,31.053901850362024,41.4722445695897,13.649772056851702,7.79029230356664,93.96621078037008,24.87262000536337,75.12737999463664,93.13036257957376,6.869637420426239,2015,02818
55,ZCTA5,96215.0,2803,475,17940.0,219,6405.0,371,12480.0,106,2385.0,142,3465.0,88,3210.0,52,1330.0,,,,2780,15,0,76408.0,2897,1957,20,423,804,493,217,1957,1630,327,5235,5017,28,0,6,184,5201,128,161,6,0,44,2825,34.3257224402426,35.0792507204611,31.163522012578618,29.02173913043478,,,95.96133931653436,0.5177770107007249,1.0219724067450178,21.614716402657127,41.08329075114972,25.191619826264688,11.088400613183444,98.97802759325498,16.709248850281043,83.29075114971896,95.8357211079274,4.164278892072589,2015,02825
56,ZCTA5,,1075,114,,143,,87,,60,,33,,15,,39,,,,,1063,0,6,96071.0,1101,730,13,111,323,171,112,730,630,100,2033,2000,0,0,33,0,2000,0,0,33,0,44,2827,,,,,,,96.54859218891916,0.0,1.7808219178082192,15.205479452054796,44.24657534246575,23.424657534246577,15.342465753424658,98.2191780821918,13.6986301369863,86.3013698630137,98.3767830791933,1.6232169208066896,2015,02827
57,ZCTA5,,5363,1111,,613,,901,,186,,347,,159,,27,,,,,5228,33,46,82772.0,5560,3700,135,790,1516,730,529,3700,3293,407,9672,9507,28,20,17,91,9598,28,74,31,0,44,2857,,,,,,,94.02877697841726,0.5935251798561151,3.6486486486486487,21.35135135135135,40.97297297297297,19.72972972972973,14.297297297297298,96.35135135135135,11.0,89.0,98.2940446650124,1.705955334987593,2015,02857
58,ZCTA5,,3045,279,,226,,254,,276,,251,,138,,58,,58640.0,3130.0,2010.0,2198,75,9,76010.0,3174,1171,56,383,531,162,39,1171,781,390,7969,6769,338,0,396,284,6992,448,72,444,5,44,2881,,,,,26.678798908098276,41.73333333333333,69.25015752993069,2.3629489603024574,4.782237403928266,32.70708795900939,45.345858240819815,13.834329632792484,3.330486763450043,95.21776259607174,33.30486763450043,66.69513236549957,84.94164888944661,15.058351110553394,2015,02881
59,ZCTA5,,787,228,,80,,119,,57,,16,,0,,0,,,,,774,0,0,82145.0,787,581,32,65,318,67,99,581,422,159,1406,1405,1,0,0,0,1405,1,0,0,0,44,2898,,,,,,,98.3481575603558,0.0,5.507745266781412,11.187607573149744,54.73321858864028,11.53184165232358,17.03958691910499,94.4922547332186,27.36660929432014,72.63339070567987,99.92887624466572,0.0711237553342816,2015,02898
60,ZCTA5,258825.0,11186,1292,26045.0,902,17515.0,1387,26240.0,722,12415.0,837,16510.0,393,4870.0,102,1900.0,,,,9297,1103,321,30877.0,11419,8699,1770,4302,1953,495,179,8699,2315,6384,27568,9033,6910,452,1791,920,9805,7455,570,1836,54,44,2907,23.138297872340427,19.85414767547858,18.32859174964438,17.382113821138212,,,81.41693668447326,9.659339696996234,20.34716634095873,49.45396022531325,22.450856420278196,5.690309230946085,2.057707782503736,79.65283365904126,73.38774571789861,26.61225428210139,32.76625072547882,67.23374927452119,2015,02907
61,ZCTA5,,1387,373,,195,,168,,69,,45,,52,,0,,,,,1308,25,0,71439.0,1417,954,12,231,399,258,54,954,883,71,2228,2228,0,0,0,0,2228,0,0,0,0,44,2804,,,,,,,92.3076923076923,1.7642907551164433,1.257861635220126,24.21383647798742,41.82389937106918,27.044025157232703,5.660377358490567,98.74213836477988,7.442348008385744,92.55765199161424,100.0,0.0,2015,02804
62,ZCTA5,121960.0,3756,717,23110.0,380,10635.0,421,10675.0,146,4435.0,220,3575.0,129,3750.0,0,-666666666.0,,,,3690,28,12,82896.0,3924,2709,92,592,1204,486,335,2709,2463,246,7328,7057,35,0,53,131,7177,98,57,64,0,44,2814,32.470713525026625,30.76116681859617,26.64902998236332,20.988538681948423,,,94.03669724770644,0.7135575942915392,3.3960871170173497,21.853082318198595,44.44444444444444,17.940199335548172,12.366186784791436,96.60391288298264,9.080841638981171,90.91915836101884,96.30185589519652,3.6981441048034935,2015,02814
63,ZCTA5,,2777,404,,475,,446,,94,,176,,73,,43,,,,,2723,40,0,85942.0,2906,2175,44,516,921,602,92,2175,1690,485,6117,5402,69,24,286,193,5595,171,76,286,0,44,2817,,,,,,,93.70268410185822,1.3764624913971095,2.022988505747126,23.724137931034484,42.3448275862069,27.67816091954023,4.2298850574712645,97.97701149425288,22.298850574712645,77.70114942528735,88.31126369135197,11.68873630864803,2015,02817
64,ZCTA5,,3190,548,,472,,342,,160,,185,,0,,0,,,,,3115,49,0,83465.0,3509,2361,39,438,1210,397,277,2361,1938,423,6470,6086,88,0,118,100,6184,105,92,118,0,44,2822,,,,,,,88.77172983756056,1.396409233399829,1.6518424396442184,18.55146124523507,51.24947056332063,16.81490893689115,11.732316814908938,98.3481575603558,17.916137229987296,82.0838627700127,94.06491499227202,5.935085007727976,2015,02822
65,ZCTA5,,2518,425,,398,,382,,103,,253,,26,,114,,,,,2365,31,0,95175.0,2726,2360,52,692,857,574,185,2360,1864,496,5464,5223,0,17,144,80,5303,42,17,168,0,44,2835,,,,,,,86.7571533382245,1.137197358767425,2.2033898305084745,29.322033898305083,36.3135593220339,24.322033898305083,7.838983050847458,97.79661016949152,21.01694915254237,78.98305084745762,95.58931185944364,4.410688140556369,2015,02835
66,ZCTA5,95635.0,3445,471,17440.0,461,10260.0,374,8520.0,107,2080.0,254,6130.0,76,1855.0,69,970.0,,,,3388,10,17,74826.0,3695,3048,52,712,1550,530,204,3048,2644,404,7772,7315,12,114,0,294,7583,58,203,136,14,44,2813,27.760522496371557,29.721030042918454,22.03742203742204,24.196969696969692,,,91.6914749661705,0.2706359945872801,1.7060367454068242,23.35958005249344,50.85301837270341,17.38845144356955,6.692913385826772,98.29396325459318,13.25459317585302,86.74540682414698,94.11991765311372,5.880082346886258,2015,02813
67,ZCTA5,239025.0,11721,1469,39525.0,1509,31910.0,1667,28595.0,808,11025.0,1249,17550.0,443,9365.0,172,2925.0,,,,9280,342,339,57275.0,12355,10728,1845,4541,3274,817,251,10728,4441,6287,23171,19458,1454,104,165,1146,20295,2312,538,207,0,44,2840,20.392884566163296,23.98757555406313,16.00808080808081,15.907210401891254,,,75.11129097531364,2.7681100768919467,17.197986577181208,42.32848620432513,30.518269947800142,7.615585384041759,2.3396718866517525,82.80201342281879,58.60365398956004,41.39634601043997,83.97565922920892,16.024340770791078,2015,02840
68,ZCTA5,,76,15,,17,,0,,0,,0,,0,,0,,1610.0,-666666666.0,-666666666.0,76,0,0,,76,44,17,0,27,0,0,44,44,0,93,93,0,0,0,0,93,0,0,0,0,44,2836,,,,,21.18421052631579,-inf,100.0,0.0,38.63636363636363,0.0,61.36363636363637,0.0,0.0,61.36363636363637,0.0,100.0,100.0,0.0,2015,02836
69,ZCTA5,43540.0,1477,288,7015.0,164,4045.0,210,5615.0,66,2115.0,105,1380.0,56,820.0,25,630.0,,,,1358,9,26,78370.0,1782,1640,53,474,721,311,81,1640,1289,351,3504,3407,38,0,12,32,3439,65,0,17,0,44,2837,29.47867298578199,24.469026548672566,28.007246376811597,13.664596273291924,,,76.20650953984287,0.5050505050505051,3.231707317073171,28.90243902439024,43.96341463414634,18.963414634146343,4.939024390243903,96.76829268292684,21.402439024390244,78.59756097560975,97.23173515981736,2.768264840182648,2015,02837
70,ZCTA5,,421,187,,73,,30,,0,,0,,0,,0,,,,,421,0,0,90583.0,437,235,0,62,123,21,29,235,128,107,662,662,0,0,0,0,662,0,0,0,0,44,2858,,,,,,,96.33867276887872,0.0,0.0,26.382978723404253,52.34042553191489,8.936170212765958,12.340425531914894,100.0,45.53191489361702,54.46808510638298,100.0,0.0,2015,02858
71,ZCTA5,181710.0,6843,827,23725.0,688,19410.0,1231,29210.0,519,12955.0,538,10810.0,307,6960.0,144,2975.0,,,,6575,76,39,61827.0,7105,6316,258,2189,2452,1071,346,6316,4175,2141,13448,13053,62,12,51,146,13169,90,36,99,83,44,2882,26.55414291977203,28.471947194719476,24.094285714285714,21.02958579881657,,,92.54046446164674,1.0696692470091484,4.084863837872071,34.658011399620015,38.82203926535782,16.95693476884104,5.478150728309057,95.91513616212794,33.89803673210893,66.10196326789108,97.06276026174896,2.937239738251041,2015,02882
72,ZCTA5,219435.0,10024,1270,31920.0,1078,21420.0,1348,22395.0,893,17220.0,617,10170.0,247,4805.0,178,2250.0,,,,9593,103,12,61375.0,10419,9163,641,2952,3788,1380,402,9163,5715,3448,21415,20168,164,162,573,290,20445,263,266,664,0,44,2891,21.890961691939346,22.71720613287905,17.677376171352076,17.332175925925927,,,92.0721758326135,0.9885785584029176,6.995525482920441,32.216522972825494,41.34017243260941,15.060569682418423,4.387209429226236,93.00447451707956,37.62959729346285,62.37040270653716,94.17697875321038,5.823021246789634,2015,02891
73,ZCTA5,139405.0,7671,1007,16815.0,734,9380.0,1074,16310.0,591,8970.0,720,12010.0,215,2645.0,101,815.0,,,,7194,138,59,64397.0,7994,6414,264,2440,2578,827,305,6414,3405,3009,16052,13168,937,45,666,904,13979,1333,391,1033,99,44,2842,18.17298918002868,15.045950603101666,15.183183183183184,15.67379679144385,,,89.99249437077809,1.7262947210407806,4.11599625818522,38.04178359837855,40.193327096975366,12.893670096663548,4.755222949797319,95.88400374181478,46.913002806361085,53.08699719363892,82.03339147769748,17.966608522302515,2015,02842
74,ZCTA5,291160.0,12444,1412,34125.0,1968,41330.0,1250,29175.0,557,10900.0,563,11460.0,249,4850.0,122,1740.0,271630.0,11760.0,2025.0,11792,254,37,54700.0,12740,10058,644,4108,3819,1070,417,10058,6234,3824,26225,20715,2425,52,442,843,21319,2960,232,564,77,44,2861,23.397621343619416,22.32396449704142,22.17764250138351,20.08620689655172,23.03510854816825,46.2992125984252,92.55886970172683,1.9937205651491368,6.402863392324518,40.84310996221913,37.9697753032412,10.638297872340424,4.145953469874727,93.59713660767548,38.01948697554185,61.98051302445814,78.98951382268827,21.010486177311723,2015,02861
75,ZCTA5,292210.0,14026,1321,29330.0,1547,38160.0,2648,55775.0,1508,28890.0,2325,41545.0,726,10675.0,288,4240.0,192120.0,54480.0,8115.0,9258,1112,120,71927.0,15142,10914,1209,5110,3753,680,162,10914,5224,5690,28648,22327,1674,65,2962,744,22844,1982,152,3380,142,44,2906,20.833452160273776,23.53207810320781,20.37175168431184,17.115699770567026,20.75178224238497,48.992805755395686,61.14119667150971,7.343811913881917,11.07751511819681,46.82059739783764,34.38702583837273,6.230529595015576,1.4843320505772404,88.92248488180319,52.13487264064505,47.86512735935496,77.9356325048869,22.064367495113096,2015,02906
76,ZCTA5,221250.0,10067,1251,33995.0,1391,26855.0,1130,17895.0,644,10090.0,801,13485.0,462,8495.0,118,1530.0,168010.0,40535.0,7720.0,8095,996,240,37692.0,10469,8610,1253,3846,2615,634,262,8610,3998,4612,25635,13636,4710,211,1299,1239,14360,5563,481,1417,86,44,2905,21.97774908115625,23.031794095382285,15.775084554678692,17.40300870942201,20.75478690549722,40.69779116465863,77.32352660234979,9.513802655458974,14.552845528455286,44.66898954703833,30.371660859465734,7.363530778164924,3.0429732868757258,85.44715447154472,53.56562137049941,46.434378629500586,53.19290033157792,46.80709966842208,2015,02905
0,ZCTA5,310085.0,13345,2107,40700.0,1945,42390.0,1405,36215.0,577,10070.0,788,17395.0,104,4380.0,361,6435.0,273575.0,29815.0,3840.0,12372,447,188,44269.0,13789,12591,2140,5273,3725,1007,446,12591,5964,6627,30613,19801,5832,68,696,1375,20689,6865,326,999,216,44,2904,23.236043461970777,20.505923000987167,23.352674066599395,24.41143497757848,22.112431296475915,66.70022371364654,89.72369279860759,3.241714410036986,16.996267174966246,41.87912000635375,29.5846239377333,7.997776189341593,3.542212691605115,83.00373282503375,52.6328329759352,47.36716702406481,64.68167118544409,35.318328814555905,2019,02904
1,ZCTA5,404440.0,17372,2450,56790.0,1752,35670.0,3222,70965.0,632,13395.0,1447,28605.0,594,9345.0,557,12240.0,,,,15396,792,261,42041.0,18113,14167,2622,6479,3944,856,266,14167,4571,9596,40809,19409,6272,504,1819,1686,20262,7146,1074,2160,232,44,2909,23.281142067695143,22.003807710613994,21.88894654903996,18.593826555609997,,,84.99972395517031,4.372550102136587,18.507799816474908,45.73304157549234,27.839344956589255,6.042210771511258,1.8776028799322368,81.4922001835251,67.73487682642761,32.265123173572384,47.560587125389006,52.439412874610994,2019,02909
2,ZCTA5,135890.0,6293,999,24120.0,932,17420.0,500,10775.0,304,6560.0,406,6055.0,262,4680.0,71,790.0,,,,5592,10,77,83516.0,6528,4687,255,1544,1817,780,291,4687,3624,1063,14139,12920,306,13,509,289,13185,399,87,572,38,44,2917,21.59383441919593,21.51216986017608,21.56094527363184,16.070359281437124,,,85.66176470588235,0.1531862745098039,5.44058032856838,32.942180499253254,38.76680179219117,16.641775122679753,6.208662257307447,94.55941967143164,22.679752506934072,77.32024749306593,91.37845675083103,8.621543249168965,2019,02917
3,ZCTA5,,350,26,,15,,63,,0,,19,,76,,29,,9755.0,-666666666.0,-666666666.0,350,0,0,69321.0,350,253,12,135,78,14,14,253,74,179,723,620,0,0,0,0,620,0,0,0,0,44,2802,,,,,27.87142857142857,-inf,100.0,0.0,4.743083003952568,53.359683794466406,30.8300395256917,5.533596837944664,5.533596837944664,95.25691699604744,70.7509881422925,29.249011857707508,85.75380359612724,14.246196403872752,2019,02802
4,ZCTA5,,254,61,,44,,0,,0,,0,,0,,0,,,,,222,0,0,91964.0,254,178,30,14,9,98,27,178,155,23,418,418,0,0,0,0,418,0,0,0,0,44,2826,,,,,,,87.4015748031496,0.0,16.853932584269664,7.865168539325842,5.056179775280898,55.0561797752809,15.168539325842698,83.14606741573034,12.921348314606742,87.07865168539325,100.0,0.0,2019,02826
5,ZCTA5,,894,157,,51,,65,,0,,10,,0,,0,,,,,160,0,71,-666666666.0,1565,0,0,0,0,0,0,0,0,0,1633,1297,143,0,73,91,1388,176,25,106,0,44,2841,,,,,,,10.22364217252396,0.0,,,,,,,,,79.42437232088182,20.57562767911819,2019,02841
6,ZCTA5,,70,21,,14,,16,,0,,0,,0,,0,,825.0,-666666666.0,-666666666.0,70,0,0,-666666666.0,103,132,46,49,21,16,0,132,116,16,244,244,0,0,0,0,244,0,0,0,0,44,2872,,,,,11.785714285714286,-inf,67.96116504854369,0.0,34.84848484848485,37.121212121212125,15.909090909090908,12.12121212121212,0.0,65.15151515151516,12.12121212121212,87.87878787878788,100.0,0.0,2019,02872
7,ZCTA5,,159,0,,36,,37,,0,,0,,0,,0,,5125.0,-666666666.0,-666666666.0,159,0,0,108750.0,159,106,0,53,53,0,0,106,106,0,200,200,0,0,0,0,200,0,0,0,0,44,2873,,,,,32.23270440251572,-inf,100.0,0.0,0.0,50.0,50.0,0.0,0.0,100.0,0.0,100.0,100.0,0.0,2019,02873
8,ZCTA5,,148,0,,0,,63,,0,,25,,0,,16,,4725.0,-666666666.0,-666666666.0,148,0,0,-666666666.0,148,219,0,194,25,0,0,219,84,135,353,330,0,0,0,23,353,23,0,0,0,44,2876,,,,,31.92567567567568,-inf,100.0,0.0,0.0,88.58447488584474,11.415525114155251,0.0,0.0,100.0,61.64383561643836,38.35616438356164,93.48441926345608,6.515580736543909,2019,02876
9,ZCTA5,,459,12,,3,,21,,23,,15,,33,,2,,,,,140,13,11,-666666666.0,539,0,0,0,0,0,0,0,0,0,1340,957,73,0,211,64,1004,104,18,230,4,44,2912,,,,,,,25.97402597402597,2.411873840445269,,,,,,,,,71.41791044776119,28.58208955223881,2019,02912
10,ZCTA5,,1083,284,,34,,125,,122,,104,,22,,20,,,,,1059,0,24,74500.0,1083,764,0,222,240,264,38,764,540,224,2312,2220,61,0,0,0,2220,61,0,0,0,44,2808,,,,,,,97.78393351800554,0.0,0.0,29.05759162303665,31.413612565445025,34.55497382198953,4.973821989528796,100.0,29.31937172774869,70.68062827225131,96.02076124567472,3.97923875432526,2019,02808
11,ZCTA5,,608,100,,79,,108,,0,,18,,0,,0,,,,,608,0,0,113221.0,634,403,0,113,178,78,34,403,374,29,1207,1087,88,0,0,32,1119,120,0,0,0,44,2812,,,,,,,95.89905362776024,0.0,0.0,28.03970223325062,44.168734491315135,19.35483870967742,8.436724565756824,100.0,7.196029776674938,92.80397022332508,90.05799502899751,9.942004971002486,2019,02812
12,ZCTA5,220295.0,8470,1410,39580.0,1628,41885.0,1281,30015.0,681,12580.0,538,11705.0,166,4045.0,62,1285.0,209355.0,8315.0,1815.0,8186,130,59,102621.0,9023,7599,554,2007,3509,1079,450,7599,5611,1988,18292,16493,192,141,815,526,16989,370,340,985,38,44,2818,26.008854781582052,26.815339038841344,21.70998980632008,22.37215909090909,25.57476178841925,63.96153846153846,90.72370608445084,1.4407624958439544,7.2904329517041715,26.41136991709436,46.17712856954863,14.199236741676536,5.921831819976313,92.70956704829582,26.16133701802869,73.83866298197131,90.16509949704788,9.83490050295211,2019,02818
13,ZCTA5,,3136,604,,261,,245,,54,,191,,9,,79,,,,,3045,45,8,87829.0,3329,2031,49,333,829,502,318,2031,1734,297,5768,5530,26,0,13,199,5729,59,104,75,0,44,2825,,,,,,,91.4689095824572,1.3517572844698107,2.41260462826194,16.395864106351553,40.81733136386016,24.71688823239783,15.657311669128507,97.58739537173808,14.623338257016249,85.37666174298376,95.873786407767,4.12621359223301,2019,02825
14,ZCTA5,42105.0,1216,188,7130.0,128,4580.0,115,2930.0,39,1210.0,44,1025.0,63,2040.0,43,835.0,,,,1176,0,16,82946.0,1229,857,4,101,380,295,77,857,838,19,2202,2151,9,0,25,17,2161,26,0,25,0,44,2827,34.625822368421055,37.05696202531646,26.883116883116884,28.64485981308411,,,95.68755085435312,0.0,0.4667444574095682,11.7852975495916,44.340723453908986,34.42240373395566,8.98483080513419,99.53325554259042,2.2170361726954493,97.78296382730454,97.68392370572208,2.316076294277929,2019,02827
15,ZCTA5,,4481,967,,588,,732,,145,,290,,161,,73,,,,,4365,28,6,96004.0,4713,3159,66,665,1253,660,515,3159,2828,331,8206,8009,43,0,96,45,8054,66,22,96,0,44,2857,,,,,,,92.61616804583068,0.5941014215998303,2.089268755935423,21.05096549540994,39.66445077556189,20.892687559354226,16.302627413738524,97.91073124406458,10.477999366888255,89.52200063311174,97.59931757250791,2.400682427492079,2019,02857
16,ZCTA5,,2591,175,,186,,162,,177,,310,,55,,108,,,,,1806,49,0,79111.0,2723,1044,82,306,420,145,91,1044,651,393,7629,6475,404,24,400,188,6600,500,49,524,11,44,2881,,,,,,,66.32390745501286,1.7994858611825193,7.854406130268199,29.310344827586203,40.22988505747127,13.88888888888889,8.71647509578544,92.1455938697318,37.64367816091954,62.35632183908047,84.87350897889631,15.126491021103682,2019,02881
17,ZCTA5,,793,291,,24,,84,,0,,15,,64,,10,,24760.0,-666666666.0,-666666666.0,793,0,0,77917.0,834,581,20,157,279,79,46,581,390,191,1289,1236,0,0,53,0,1236,0,0,53,0,44,2898,,,,,31.22320302648172,-inf,95.08393285371704,0.0,3.4423407917383817,27.022375215146297,48.02065404475043,13.59724612736661,7.917383820998279,96.5576592082616,32.87435456110155,67.12564543889845,95.88828549262996,4.111714507370055,2019,02898
18,ZCTA5,274820.0,12000,1273,26915.0,1308,26515.0,1507,24410.0,762,13620.0,384,7465.0,482,14025.0,218,8770.0,,,,10458,1080,128,39877.0,12840,9362,1508,4503,2713,596,42,9362,2730,6632,31294,11534,6672,768,2186,1963,12673,7920,1148,2703,49,44,2907,22.901666666666667,20.70127857419605,16.760687527545173,24.81524249422633,,,81.44859813084112,8.411214953271028,16.10766930143132,48.09869685964537,28.97885067293313,6.366161076693014,0.4486220892971587,83.89233069856868,70.83956419568467,29.16043580431532,36.85690547708826,63.14309452291174,2019,02907
19,ZCTA5,207870.0,7667,1526,45065.0,1326,35875.0,1178,30455.0,659,15100.0,495,11975.0,293,6675.0,68,2145.0,,,,7333,230,0,125125.0,8222,6051,121,1367,3015,1066,482,6051,5365,686,16153,14989,81,18,601,441,15406,180,66,910,0,44,2806,27.112299465240643,28.38008415147265,24.79858464888405,23.66751269035533,,,89.18754560934079,2.7973729019703235,1.9996694761196496,22.591307221946785,49.826474962816064,17.61692282267394,7.965625516443563,98.00033052388036,11.336969096017189,88.66303090398281,92.79390825233703,7.206091747662972,2019,02806
20,ZCTA5,460120.0,16123,2324,65195.0,2114,66380.0,1754,47765.0,732,18935.0,870,20055.0,205,3400.0,229,3890.0,,,,15790,94,91,72471.0,16710,13338,454,3915,5981,2158,830,13338,10157,3181,32738,31110,174,17,310,662,31648,665,283,334,7,44,2816,28.53811325435713,29.64736367733213,26.83024939662108,21.81860465116279,,,94.49431478156792,0.5625374027528427,3.4038086669665617,29.35222672064777,44.84180536812116,16.17933723196881,6.222822012295697,96.59619133303345,23.849152796521217,76.15084720347878,95.02718553363064,4.972814466369357,2019,02816
21,ZCTA5,103775.0,3600,719,20665.0,534,10905.0,296,5625.0,248,5085.0,244,4310.0,75,1460.0,39,855.0,,,,3574,17,8,86772.0,3756,3020,346,735,1329,393,217,3020,2479,541,7592,7156,1,0,142,172,7302,47,56,215,0,44,2828,28.82638888888889,25.195530726256983,19.6875,18.087774294670847,,,95.15441959531417,0.4526091586794462,11.456953642384104,24.337748344370866,44.00662251655629,13.013245033112582,7.185430463576159,88.54304635761589,17.913907284768214,82.08609271523179,94.25711275026345,5.742887249736564,2019,02828
22,ZCTA5,,2414,547,,300,,340,,26,,127,,29,,91,,80565.0,-666666666.0,-666666666.0,2414,0,0,80128.0,2482,1919,50,470,867,390,142,1919,1563,356,4795,4586,45,0,91,59,4645,78,0,91,0,44,2832,,,,,33.37406793703397,-inf,97.26027397260276,0.0,2.605523710265764,24.491922876498176,45.17978113600834,20.32308494007296,7.399687337154768,97.39447628973424,18.55132881709224,81.44867118290776,95.64129301355578,4.358706986444213,2019,02832
23,ZCTA5,,1498,248,,141,,72,,73,,234,,15,,19,,,,,1429,13,9,62697.0,1552,1351,120,597,448,106,80,1351,621,730,3495,3286,66,0,47,95,3381,122,4,82,0,44,2838,,,,,,,92.07474226804123,0.8376288659793815,8.882309400444116,44.189489267209474,33.160621761658035,7.846039970392302,5.921539600296077,91.11769059955589,54.0340488527017,45.9659511472983,94.02002861230328,5.979971387696709,2019,02838
24,ZCTA5,471035.0,18018,2716,72155.0,2619,64570.0,2059,48995.0,794,15955.0,1181,24685.0,244,4030.0,100,2150.0,444540.0,24475.0,1680.0,17511,336,113,91806.0,18546,13238,854,3668,5601,2172,943,13238,10183,3055,34797,32494,434,5,866,443,32892,610,165,920,8,44,2864,26.142468642468643,25.62792877225867,22.76550998948475,20.150877192982456,25.38632859345554,72.8422619047619,94.41928178582984,1.8117114202523457,6.451125547665811,27.708113008007253,42.3100166188246,16.40731228282218,7.123432542680163,93.5488744523342,23.077504154706148,76.92249584529385,93.38161335747334,6.618386642526655,2019,02864
25,ZCTA5,210480.0,7559,1261,30585.0,913,23720.0,912,23535.0,382,8795.0,452,11125.0,274,7275.0,83,1110.0,,,,7494,6,38,75295.0,7833,6569,261,1968,2773,1036,531,6569,5105,1464,15774,15221,180,13,132,177,15384,344,66,132,13,44,2878,27.84495303611589,24.97930082796688,24.984544049459043,25.34435261707989,,,95.6721562619686,0.0765990042129452,3.973207489724463,29.95889785355457,42.213426701172175,15.77104582128178,8.08342213426701,96.02679251027554,22.28649718374182,77.71350281625818,96.49423101305946,3.505768986940535,2019,02878
26,ZCTA5,,2877,575,,446,,226,,51,,427,,77,,27,,,,,2787,0,0,111895.0,3068,1917,12,214,1066,389,236,1917,1639,278,5611,5320,95,11,0,182,5502,252,27,25,0,44,2892,,,,,,,90.84093872229464,0.0,0.6259780907668232,11.163275952008346,55.607720396452784,20.29212310902452,12.310902451747523,99.37402190923318,14.501825769431404,85.49817423056861,94.81375868829086,5.186241311709143,2019,02892
27,ZCTA5,358645.0,15147,1929,48360.0,1914,45160.0,1437,28620.0,887,17190.0,716,12175.0,359,8945.0,180,2860.0,340835.0,13925.0,2120.0,14703,221,69,55106.0,15542,13231,1318,5488,4376,1370,679,13231,6908,6323,29143,25697,1161,17,886,745,26396,1419,130,1139,72,44,2893,23.67762593252789,24.335154826958107,19.71170395869191,19.64651162790698,23.181323539413725,63.009049773755656,94.60172435979923,1.4219534165487069,9.961454160683244,41.47834630791324,33.073841735318574,10.354470561559973,5.13188723452498,90.03854583931675,47.7892827450684,52.2107172549316,88.17554815907765,11.824451840922348,2019,02893
28,ZCTA5,475255.0,18593,2507,64770.0,1627,40440.0,1510,28025.0,626,13490.0,932,19155.0,642,10880.0,267,5030.0,431765.0,21355.0,8270.0,17096,323,478,42595.0,18940,16663,3023,6794,5120,1245,481,16663,6058,10605,41603,30599,3988,411,2416,2231,32427,5176,999,2758,0,44,2895,25.560963803581995,25.449927431059507,19.43586142322097,19.081956797966964,25.255322882545624,66.11455108359134,90.26399155227033,1.7053854276663147,18.14199123807237,40.77297005341175,30.72675988717518,7.471643761627559,2.8866350597131367,81.85800876192762,63.64400168036968,36.35599831963032,73.54998437612672,26.45001562387328,2019,02895
29,ZCTA5,287495.0,11668,1915,55285.0,1559,30610.0,1183,24860.0,537,9685.0,770,13845.0,389,9165.0,51,1080.0,243920.0,25795.0,12275.0,10973,416,108,73717.0,11866,8135,350,3203,3311,869,402,8135,5709,2426,22387,17293,1633,139,1386,896,17931,2141,399,1549,158,44,2910,24.63961261570106,24.72510074841681,20.084302325581397,19.85332182916307,22.229107810079284,62.00721153846154,92.4742963087814,3.5058149334232263,4.30239704978488,39.37307928703135,40.70067609096497,10.682237246465888,4.94161032575292,95.69760295021511,29.82175783650891,70.17824216349109,77.2457229642203,22.75427703577969,2019,02910
30,ZCTA5,218435.0,9948,1339,31490.0,1406,30580.0,1472,25605.0,474,7210.0,518,8675.0,181,4800.0,139,2240.0,,,,9074,497,221,51199.0,10156,8802,1384,3454,2989,690,285,8802,4554,4248,21487,15655,2340,35,793,1585,16784,3394,419,865,31,44,2914,21.95767993566546,22.612021857923494,16.86279547790339,19.277539341917024,,,89.34619929105946,4.893658920834974,15.72369915928198,39.24108157236992,33.95819132015451,7.839127471029311,3.2379004771642808,84.27630084071802,48.26175869120655,51.738241308793455,72.8580071671243,27.14199283287569,2019,02914
31,ZCTA5,,8498,1551,,1310,,1031,,617,,447,,233,,58,,,,,8312,83,62,64495.0,8638,7356,667,2844,2866,638,341,7356,4861,2495,16660,14829,469,22,514,659,15323,945,177,641,19,44,2915,,,,,,,96.22597823570273,0.9608705718916416,9.067427949972812,38.66231647634584,38.96139206090267,8.673191952147906,4.635671560630778,90.9325720500272,33.917890157694394,66.0821098423056,89.00960384153662,10.990396158463383,2019,02915
32,ZCTA5,,5687,850,,937,,1026,,514,,488,,120,,111,,,,,5492,91,50,102917.0,5948,4460,74,1122,2020,909,335,4460,3833,627,12243,10461,507,34,840,189,10650,585,34,951,12,44,2921,,,,,,,92.33355749831875,1.5299260255548084,1.6591928251121075,25.15695067264574,45.2914798206278,20.381165919282516,7.511210762331838,98.34080717488789,14.05829596412556,85.94170403587444,85.44474393530997,14.555256064690028,2019,02921
33,ZCTA5,315275.0,14238,2282,49880.0,1804,40100.0,1961,41360.0,882,12670.0,797,15210.0,188,3235.0,256,7020.0,,,,13986,67,32,65125.0,14846,11597,662,4316,4417,1559,643,11597,7771,3826,29307,26531,549,32,926,657,27166,817,356,1099,0,44,2919,22.14320831577469,22.02153695545766,19.004572634540978,18.725888324873097,,,94.20719385693116,0.4513000134716421,5.70837285504872,37.21652151418471,38.08743640596706,13.44313184444253,5.544537380356989,94.29162714495128,32.99129085108218,67.00870914891782,90.52786023816836,9.472139761831643,2019,02919
34,ZCTA5,,957,89,,115,,246,,15,,0,,0,,33,,,,,940,0,17,108672.0,1026,699,13,195,216,242,33,699,665,34,1849,1849,0,0,0,0,1849,0,0,0,0,44,2804,,,,,,,91.61793372319688,0.0,1.859799713876967,27.896995708154503,30.90128755364807,34.620886981402,4.721030042918455,98.14020028612303,4.86409155937053,95.13590844062946,100.0,0.0,2019,02804
35,ZCTA5,122905.0,4029,467,15835.0,501,15590.0,636,14525.0,260,5630.0,213,3185.0,110,1910.0,42,1110.0,,,,3877,46,21,89531.0,4161,2978,40,823,1105,598,412,2978,2542,436,7901,7619,29,8,36,178,7797,41,147,63,0,44,2814,30.50508811119385,32.46384297520661,22.494419642857142,15.773993808049536,,,93.1747176159577,1.105503484739245,1.3431833445265278,27.63599731363331,37.10543989254533,20.080591000671596,13.834788448623236,98.65681665547346,14.640698455339155,85.35930154466085,96.43083154031136,3.569168459688647,2019,02814
36,ZCTA5,,3290,652,,558,,477,,110,,113,,32,,10,,,,,3203,18,53,119688.0,3589,2256,0,265,1108,649,234,2256,1853,403,6224,5676,111,0,126,92,5768,140,63,126,0,44,2817,,,,,,,89.24491501811089,0.5015324602953469,0.0,11.74645390070922,49.11347517730496,28.767730496453904,10.372340425531917,100.0,17.863475177304963,82.13652482269504,91.19537275064268,8.804627249357326,2019,02817
37,ZCTA5,,3049,333,,468,,825,,156,,166,,17,,0,,,,,2971,14,36,83024.0,3343,2301,50,580,943,494,234,2301,1851,450,6304,5827,13,55,79,110,5920,35,147,92,92,44,2822,,,,,,,88.87227041579419,0.4187855219862399,2.17296827466319,25.206431986093,40.98218166014776,21.468926553672315,10.16949152542373,97.8270317253368,19.556714471968707,80.4432855280313,92.43337563451776,7.566624365482233,2019,02822
38,ZCTA5,,2184,306,,240,,285,,211,,325,,76,,41,,,,,2070,80,0,111110.0,2512,2301,68,782,769,513,169,2301,1908,393,5494,4965,24,13,392,100,5065,85,52,392,0,44,2835,,,,,,,82.40445859872611,3.1847133757961785,2.955236853541938,33.98522381573229,33.42025206431986,22.294654498044327,7.344632768361582,97.04476314645804,17.07953063885267,82.92046936114733,90.3713141609028,9.628685839097196,2019,02835
39,ZCTA5,106755.0,3725,325,11800.0,339,9975.0,560,12775.0,199,4035.0,366,10140.0,145,2330.0,0,-666666666.0,,,,3639,29,26,78209.0,3879,3282,58,761,1526,617,320,3282,2746,536,7799,7434,3,112,78,172,7578,49,223,121,0,44,2813,28.659060402684563,32.79367469879518,22.14756258234519,24.40313111545988,,,93.81283836040215,0.7476153647847383,1.7672151127361364,23.18708104814138,46.496039000609386,18.799512492382693,9.750152346130408,98.23278488726388,16.331505179768435,83.66849482023156,95.31991280933453,4.6800871906654695,2019,02813
40,ZCTA5,216510.0,11278,1669,44990.0,1753,33560.0,1535,27000.0,802,10425.0,1233,20205.0,460,5820.0,118,1230.0,,,,9248,254,273,66805.0,12106,10267,1434,4453,3353,690,337,10267,4372,5895,23112,19503,1639,343,413,802,20198,2195,627,548,138,44,2840,19.19755275758113,22.954412624196376,16.014120667522466,15.372120496160662,,,76.39187179910788,2.0981331571121755,13.967078990941854,43.37196844258303,32.658030583422615,6.72056102074608,3.2823609623064187,86.03292100905816,57.41696698159152,42.58303301840849,84.38473520249221,15.615264797507788,2019,02840
41,ZCTA5,,143,44,,0,,22,,0,,60,,5,,0,,,,,143,0,0,-666666666.0,143,56,0,0,44,0,12,56,56,0,150,150,0,0,0,0,150,0,0,0,0,44,2836,,,,,,,100.0,0.0,0.0,0.0,78.57142857142857,0.0,21.428571428571427,100.0,0.0,100.0,100.0,0.0,2019,02836
42,ZCTA5,,1603,293,,212,,205,,65,,139,,31,,8,,,,,1563,8,0,89353.0,1799,1561,51,388,654,305,163,1561,1269,292,3489,3448,19,0,12,10,3458,19,0,22,0,44,2837,,,,,,,86.881600889383,0.4446914952751528,3.267136450992953,24.85586162716208,41.89622037155669,19.538757206918643,10.442024343369637,96.73286354900704,18.705957719410637,81.29404228058937,98.82487818859272,1.17512181140728,2019,02837
43,ZCTA5,,586,156,,0,,38,,0,,0,,0,,0,,,,,586,0,0,-666666666.0,586,233,0,77,75,47,34,233,143,90,774,582,0,0,0,192,705,192,69,0,0,44,2858,,,,,,,100.0,0.0,0.0,33.047210300429185,32.18884120171674,20.171673819742487,14.592274678111588,100.0,38.62660944206009,61.37339055793991,75.1937984496124,24.8062015503876,2019,02858
44,ZCTA5,154775.0,6028,769,27025.0,365,9300.0,890,22515.0,228,3130.0,611,14705.0,304,5130.0,139,2655.0,,,,5870,67,12,83600.0,6467,5870,162,1891,2275,814,728,5870,4035,1835,14029,13285,117,0,300,117,13402,130,24,369,0,44,2882,25.67601194426012,32.0326278659612,22.938282647584973,21.6775956284153,,,90.7685170867481,1.0360290706664603,2.7597955706984667,32.21465076660988,38.75638841567292,13.867120954003406,12.402044293015331,97.24020442930154,31.260647359454858,68.73935264054515,94.69669969349204,5.303300306507948,2019,02882
45,ZCTA5,279720.0,10683,1643,44875.0,1323,28030.0,1243,41640.0,705,11570.0,536,11465.0,235,5875.0,151,3430.0,,,,10104,184,109,70358.0,11031,9333,721,3149,3658,1332,473,9333,5932,3401,21143,19588,321,106,511,257,19827,407,295,563,0,44,2891,26.183656276326875,24.58024275118004,27.315195071868583,22.49027237354085,,,91.59641011694316,1.6680264708548638,7.725275902710811,33.74049073181185,39.19425693774778,14.271938283510124,5.068038144219436,92.27472409728918,36.44058716382728,63.559412836172726,92.6453199640543,7.3546800359457025,2019,02891
46,ZCTA5,140935.0,8051,1277,25985.0,1030,12945.0,1027,19315.0,408,5095.0,635,6830.0,249,3510.0,42,380.0,136360.0,855.0,1105.0,7580,48,30,74022.0,8356,6868,391,2671,2679,759,368,6868,3761,3107,15936,13425,1062,42,464,489,13914,1335,60,662,118,44,2842,17.505278847348155,16.874729085392286,17.010452961672474,11.69683257918552,17.989445910290236,17.8125,90.7132599329823,0.5744375299186213,5.693069306930694,38.8905066977286,39.00698893418754,11.051252184041934,5.358182877111241,94.3069306930693,45.23878858474082,54.76121141525917,84.24322289156626,15.756777108433734,2019,02842
47,ZCTA5,373970.0,13723,2022,57440.0,1976,43910.0,1220,25250.0,714,19415.0,707,14900.0,221,5515.0,108,1910.0,,,,13070,374,41,64833.0,14001,10095,731,4183,3708,1066,407,10095,6171,3924,25622,20305,1911,95,765,1066,21182,2626,240,965,93,44,2861,27.251329884136123,25.35017508754377,23.09462254395036,21.998922413793103,,,93.35047496607385,2.671237768730805,7.241208519068847,41.43635463100545,36.73105497771174,10.559683011391778,4.031698860822189,92.75879148093117,38.87072808320952,61.12927191679049,79.24830224026226,20.751697759737723,2019,02861
48,ZCTA5,328255.0,13797,1449,50670.0,2185,48650.0,2073,47685.0,1569,33195.0,1686,33885.0,692,11110.0,355,6065.0,210505.0,73830.0,6525.0,9149,1292,117,85270.0,14861,10687,1267,5123,3321,826,150,10687,5115,5572,27825,21209,1593,33,3193,1309,22392,1948,107,4060,120,44,2906,23.7917663260129,27.33076499724821,22.207578253706757,18.921362489486963,23.008525521914965,57.143962848297214,61.56382477626001,8.693896776798331,11.855525404697294,47.93674557874053,31.0751380181529,7.729016562178348,1.4035744362309348,88.1444745953027,52.138111724525125,47.86188827547488,76.22282120395329,23.777178796046723,2019,02906
49,ZCTA5,261025.0,11076,1485,37925.0,1440,29135.0,1547,31625.0,779,13860.0,652,12700.0,567,10390.0,241,5830.0,,,,9689,799,163,47942.0,11545,8880,1177,3889,2775,890,149,8880,4168,4712,26174,15426,4812,176,1109,1246,16318,5501,347,1442,56,44,2905,23.5667208378476,22.926495726495727,19.55503009458297,18.94175553732568,,,83.92377652663491,6.9207449112169765,13.254504504504505,43.79504504504504,31.25,10.022522522522523,1.6779279279279278,86.74549549549549,53.06306306306306,46.93693693693694,58.93634904867425,41.06365095132574,2019,02905
50,ZCTA5,,207,33,,39,,37,,25,,0,,45,,0,,4475.0,-666666666.0,-666666666.0,207,0,0,194450.0,207,123,0,41,56,26,0,123,98,25,367,322,0,0,0,45,367,0,0,45,45,44,2815,,,,,21.618357487922705,-inf,100.0,0.0,0.0,33.33333333333333,45.52845528455284,21.138211382113823,0.0,100.0,20.32520325203252,79.67479674796748,87.73841961852861,12.26158038147139,2019,02815
51,ZCTA5,,1572,280,,253,,256,,168,,79,,0,,0,,,,,1510,46,0,95000.0,1634,1168,40,327,373,225,203,1168,1006,162,3277,3179,0,0,36,62,3225,16,62,36,0,44,2831,,,,,,,92.41126070991432,2.8151774785801718,3.4246575342465757,27.99657534246575,31.93493150684932,19.263698630136982,17.38013698630137,96.57534246575342,13.86986301369863,86.13013698630137,97.009459871834,2.9905401281660056,2019,02831
52,ZCTA5,,3764,693,,338,,259,,44,,170,,92,,7,,,,,3514,15,93,87363.0,3898,2487,105,494,1133,520,235,2487,1826,661,7070,6747,10,0,106,158,6905,50,21,203,0,44,2859,,,,,,,90.14879425346332,0.3848127244740892,4.2219541616405305,19.863289103337355,45.55689585846402,20.908725371934057,9.449135504624046,95.77804583835947,26.578206674708483,73.42179332529152,95.43140028288543,4.5685997171145685,2019,02859
53,ZCTA5,554320.0,22285,3135,78925.0,2151,45685.0,2066,46350.0,1162,21730.0,1496,32000.0,649,22610.0,219,5395.0,477220.0,60500.0,6810.0,20569,895,169,43586.0,22624,18543,3118,8412,5426,1218,369,18543,6745,11798,46363,24155,10707,354,954,2938,25986,12505,1234,1132,134,44,2860,24.874130581108368,23.573590616723425,21.09045848822801,25.45920745920746,23.20093344353153,67.59776536312849,90.91672560113156,3.955975954738331,16.81497060885509,45.364827697783525,29.26171601143289,6.5685164212910525,1.9899692606374373,83.18502939114491,63.62508763414766,36.37491236585234,52.09973470224101,47.900265297758985,2019,02860
54,ZCTA5,113790.0,4849,785,15325.0,893,19170.0,661,16325.0,361,4695.0,324,5780.0,124,2930.0,45,945.0,,,,4665,92,83,80701.0,5056,3707,218,1267,1665,390,167,3707,2705,1002,9238,8620,245,0,69,235,8802,347,44,170,21,44,2916,23.466694163745103,20.557210965435043,20.56751467710372,19.441964285714285,,,92.26661392405065,1.8196202531645569,5.880766118154842,34.17858106285406,44.9150256271918,10.520636633396276,4.504990558403021,94.11923388184516,27.02994335041813,72.97005664958188,93.3102403117558,6.689759688244208,2019,02916
55,ZCTA5,213355.0,8794,1561,38880.0,1484,32540.0,1421,38385.0,749,14825.0,586,13565.0,246,4835.0,148,2190.0,193890.0,10175.0,8590.0,8415,128,174,92742.0,8954,6497,354,1967,2632,900,644,6497,4878,1619,17667,16050,237,0,695,360,16410,374,60,858,24,44,2865,24.261428246531725,23.454844006568145,24.52073732718894,22.115384615384617,23.040998217468804,79.4921875,93.980343980344,1.429528702255975,5.448668616284439,30.275511774665237,40.51100507926736,13.85254732953671,9.912267200246268,94.55133138371556,24.91919347391104,75.08080652608896,90.84734250297164,9.152657497028358,2019,02865
56,ZCTA5,209480.0,8507,1021,31355.0,1433,30530.0,1303,28395.0,673,13275.0,551,11110.0,89,2215.0,112,2645.0,199640.0,6045.0,2625.0,8135,157,42,102392.0,8902,7079,273,1848,3354,1092,512,7079,5462,1617,17119,16305,253,0,130,378,16643,361,28,306,78,44,2871,24.624426942517925,25.21801140994295,21.088056680161944,20.8203125,24.54087277197296,38.5031847133758,91.38395866097508,1.763648618288025,3.856476903517446,26.105382116118097,47.37957338607148,15.425907614069784,7.232659980223195,96.14352309648255,22.842209351603334,77.15779064839666,95.24504936035984,4.754950639640166,2019,02871
57,ZCTA5,185190.0,7542,1129,25630.0,1134,23750.0,893,26120.0,397,11730.0,337,6670.0,235,5475.0,85,1195.0,,,,7040,252,78,60902.0,7738,6621,645,2651,2584,664,77,6621,3522,3099,15921,13196,1303,30,590,323,13433,1425,160,704,11,44,2911,24.55449482895784,21.820592134334955,29.34108527131783,21.232517482517483,,,90.9795812871543,3.256655466528819,9.74173085636611,40.0392689925993,39.02733726023259,10.028696571514876,1.1629663192871167,90.2582691436339,46.80561848663344,53.194381513366565,82.88424093963947,17.11575906036053,2019,02911
58,ZCTA5,254490.0,10293,1582,45275.0,1148,28980.0,1157,31470.0,724,13765.0,664,14965.0,356,6710.0,199,3895.0,238745.0,6455.0,700.0,9071,132,115,72422.0,10801,8331,556,2849,3160,1258,508,8331,5616,2715,22172,20890,526,16,360,172,21047,582,73,414,2,44,2809,24.72457009618187,27.1996336996337,24.04837852206273,21.25,26.319589901885127,48.90151515151515,83.98296454032034,1.222109063975558,6.673868683231304,34.19757532108991,37.930620573760656,15.10022806385788,6.097707358060257,93.3261313167687,32.5891249549874,67.4108750450126,94.21793252751218,5.782067472487822,2019,02809
59,ZCTA5,,3045,727,,385,,191,,93,,203,,37,,81,,,,,2990,32,23,84970.0,3149,2273,112,613,1008,269,271,2273,1796,477,6255,5806,1,0,332,116,5922,3,0,422,0,44,2830,,,,,,,94.95077802476976,1.0161956176563989,4.927408710954685,26.9687637483502,44.34667839859217,11.83457985041795,11.922569291684995,95.07259128904532,20.985481742190935,79.01451825780906,92.82174260591528,7.178257394084732,2019,02830
60,ZCTA5,,921,118,,132,,67,,37,,0,,31,,0,,,,,855,0,44,68258.0,921,816,61,275,367,113,0,816,537,279,2098,1908,95,0,0,0,1908,95,0,0,0,44,2839,,,,,,,92.83387622149836,0.0,7.475490196078431,33.700980392156865,44.97549019607843,13.848039215686276,0.0,92.52450980392156,34.19117647058824,65.80882352941177,90.94375595805528,9.05624404194471,2019,02839
61,ZCTA5,,294,14,,53,,33,,0,,18,,0,,0,,,,,272,0,22,160278.0,294,162,0,0,68,94,0,162,143,19,466,466,0,0,0,0,466,0,0,0,0,44,2875,,,,,,,92.51700680272108,0.0,0.0,0.0,41.9753086419753,58.0246913580247,0.0,100.0,11.728395061728394,88.27160493827161,100.0,0.0,2019,02875
62,ZCTA5,,482,83,,77,,67,,29,,81,,23,,0,,,,,410,7,0,59423.0,515,440,12,174,118,85,51,440,294,146,916,859,4,0,19,27,873,18,0,32,13,44,2807,,,,,,,79.6116504854369,1.3592233009708738,2.727272727272727,39.54545454545455,26.81818181818182,19.318181818181817,11.59090909090909,97.27272727272728,33.18181818181819,66.81818181818183,93.7772925764192,6.222707423580786,2019,02807
63,ZCTA5,283580.0,10802,1543,48765.0,1181,30155.0,1597,38870.0,664,14430.0,671,12265.0,357,7075.0,82,1495.0,,,,10425,111,61,86625.0,11403,9005,528,2771,3741,1427,538,9005,6587,2418,22048,20177,146,128,517,853,21010,414,347,905,0,44,2852,26.25254582484725,28.97209985315712,23.573639982308716,18.81322957198444,,,91.42330965535386,0.9734280452512496,5.86340921710161,30.7717934480844,41.54358689616879,15.846751804553024,5.974458634092171,94.1365907828984,26.8517490283176,73.14825097168239,91.51396952104498,8.486030478955007,2019,02852
64,ZCTA5,262470.0,9739,1337,41030.0,1215,30875.0,1544,34535.0,770,18990.0,639,13135.0,461,8330.0,49,1590.0,,,,9234,191,106,89288.0,10410,8380,270,2548,3649,1350,563,8380,6224,2156,20610,18842,343,492,301,437,19260,384,635,404,0,44,2879,26.950405585789092,28.175940438871475,23.130942091616248,19.51363636363636,,,88.70317002881845,1.8347742555235351,3.221957040572793,30.405727923627683,43.54415274463007,16.10978520286396,6.718377088305489,96.7780429594272,25.72792362768496,74.27207637231503,91.42163998059196,8.578360019408054,2019,02879
65,ZCTA5,338260.0,13987,2024,56985.0,1866,38230.0,1887,41750.0,1018,18155.0,806,18810.0,313,4535.0,72,1540.0,,,,13619,208,17,69646.0,14532,12498,945,4598,4812,1660,483,12498,8294,4204,28776,26300,406,108,1217,492,26754,520,246,1354,5,44,2886,24.183885036104957,24.47686375321337,20.62134251290878,20.862377122430743,,,93.71731351500138,1.4313239746765758,7.561209793566971,36.78988638182109,38.502160345655305,13.282125140022403,3.8646183389342297,92.43879020643304,33.637381981116974,66.36261801888303,91.39560745065332,8.604392549346677,2019,02886
66,ZCTA5,382410.0,14347,2570,72535.0,1559,41790.0,1427,34080.0,804,15290.0,740,18880.0,506,11315.0,97,3015.0,,,,13947,206,42,77783.0,14829,11450,445,3686,4948,1748,623,11450,8717,2733,27807,25267,628,174,655,762,25947,936,426,946,17,44,2889,26.65435282637485,27.688302252361343,22.129090094128195,24.23354735152488,,,94.05219502326524,1.389169869849619,3.88646288209607,32.19213973799127,43.21397379912664,15.26637554585153,5.441048034934498,96.11353711790392,23.86899563318777,76.13100436681222,90.86560937893336,9.134390621066638,2019,02889
67,ZCTA5,,2771,477,,460,,322,,152,,244,,110,,4,,,,,2603,121,22,135514.0,3017,2156,23,341,1033,588,171,2156,1937,219,6045,5836,96,0,48,28,5864,116,8,48,0,44,2874,,,,,,,86.27775936360624,4.010606562810739,1.0667903525046385,15.816326530612246,47.91280148423006,27.27272727272727,7.931354359925788,98.93320964749536,10.157699443413728,89.84230055658628,96.54259718775847,3.4574028122415217,2019,02874
68,ZCTA5,138670.0,5350,1002,26145.0,710,16190.0,330,7495.0,208,4765.0,323,5950.0,176,6490.0,36,520.0,130350.0,7060.0,610.0,5041,145,50,60486.0,5507,4857,517,1770,1651,585,334,4857,2619,2238,10461,10074,43,0,45,243,10306,152,126,59,31,44,2885,25.919626168224298,24.72838785046729,22.78810408921933,24.92985971943888,25.857964689545724,48.689655172413794,91.5380424913746,2.633012529507899,10.644430718550543,36.44224830142063,33.99217624047766,12.044471896232242,6.876672843318921,89.35556928144945,46.07782581840642,53.922174181593576,96.30054488098652,3.699455119013479,2019,02885
69,ZCTA5,249400.0,10196,1749,44110.0,1667,35280.0,1077,25505.0,538,11600.0,399,12255.0,193,4360.0,136,5735.0,,,,9858,151,0,75011.0,10289,8193,436,3026,3400,748,583,8193,6314,1879,18687,16948,476,68,440,455,17356,797,128,529,23,44,2888,24.46057277363672,23.24063231850117,22.97523219814241,28.06587837837838,,,95.8110603557197,1.4675867431237244,5.321616013670207,36.93396802148175,41.49884047357501,9.1297449041865,7.1158305870865375,94.6783839863298,22.93421213230807,77.06578786769194,90.694065393054,9.305934606946003,2019,02888
70,ZCTA5,,355,46,,15,,0,,0,,0,,0,,0,,9350.0,-666666666.0,-666666666.0,355,0,0,70587.0,355,241,42,28,114,28,29,241,223,18,517,517,0,0,0,0,517,0,0,0,0,44,2894,,,,,26.338028169014084,-inf,100.0,0.0,17.42738589211618,11.618257261410788,47.30290456431535,11.618257261410788,12.033195020746888,82.57261410788381,7.468879668049793,92.5311203319502,100.0,0.0,2019,02894
71,ZCTA5,86515.0,4361,340,11240.0,531,10220.0,561,12830.0,431,7350.0,480,5975.0,219,2850.0,149,2020.0,,,,2412,355,87,36347.0,4828,4701,1842,2068,729,62,0,4701,770,3931,10979,7281,1087,141,1351,609,7739,1387,294,1587,46,44,2903,19.838339830314148,24.638346727898966,20.342741935483872,12.625178826895564,,,49.95857497928749,7.352941176470589,39.183152520740265,43.99064028930015,15.507338864071476,1.318868325888109,0.0,60.81684747925973,83.62050627526058,16.379493724739415,66.31751525639858,33.68248474360142,2019,02903
72,ZCTA5,359975.0,15134,2334,67255.0,1821,40495.0,2038,40760.0,607,8210.0,852,15940.0,477,9595.0,228,3610.0,299540.0,41360.0,9160.0,13052,850,196,51981.0,15869,12079,1715,4855,4464,894,151,12079,5355,6724,36314,23269,6407,95,1190,1597,24331,7153,704,1605,25,44,2908,23.785846438482885,25.932611311672684,18.514177693761816,19.213694507148237,22.949739503524363,48.65882352941176,82.2484088474384,5.356355157854938,14.198195214835666,40.19372464607998,36.95670171371802,7.401274939978474,1.2501034853878632,85.80180478516434,55.66685983939068,44.333140160609325,64.07721539901966,35.92278460098034,2019,02908
73,ZCTA5,363785.0,16217,2595,66925.0,2362,40070.0,2372,47395.0,912,16460.0,1049,20065.0,512,10335.0,319,5955.0,,,,15316,406,80,63523.0,16689,14101,1419,5753,5039,1421,469,14101,8773,5328,37165,29125,2284,220,2291,1600,30140,3156,438,2578,172,44,2920,22.43232410433496,21.58462779907202,19.44427527405603,19.474695707879565,,,91.77302414764216,2.432740128228174,10.063116091057372,40.79852492731012,35.735054251471524,10.07729948230622,3.3260052478547624,89.93688390894263,37.78455428693,62.21544571307,78.3667429032692,21.633257096730794,2019,02920
74,ZCTA5,,657,114,,40,,56,,0,,27,,0,,16,,20685.0,-666666666.0,-666666666.0,657,0,0,88902.0,657,443,32,80,105,202,24,443,362,81,1141,1095,0,0,34,12,1095,0,0,46,0,44,2833,,,,,31.484018264840184,-inf,100.0,0.0,7.223476297968396,18.058690744920995,23.702031602708804,45.59819413092551,5.417607223476298,92.7765237020316,18.284424379232505,81.7155756207675,95.96844872918491,4.031551270815075,2019,02833
75,ZCTA5,222115.0,7782,914,25840.0,502,10150.0,764,17030.0,220,8490.0,318,8955.0,252,8160.0,49,760.0,,,,6802,472,39,32928.0,7878,6103,1538,2870,1198,346,151,6103,1221,4882,19411,9424,2460,196,126,1375,10296,3253,380,478,197,44,2863,28.542148547931124,25.416666666666668,25.93495934959349,30.026315789473685,,,86.34171109418635,5.991368367605992,25.20072095690644,47.02605276093724,19.62969031623792,5.669342946092086,2.474193019826315,74.79927904309356,79.9934458463051,20.006554153694907,48.54979135541704,51.45020864458297,2019,02863
76,ZCTA5,164430.0,5485,917,27265.0,420,10565.0,658,18900.0,196,4305.0,310,7910.0,94,1420.0,36,1300.0,,,,5389,22,65,80885.0,5971,4588,266,1217,1803,827,475,4588,3685,903,12060,11490,306,0,128,113,11586,384,31,128,0,44,2896,29.978122151321788,28.294689603590125,27.172131147540984,23.094059405940595,,,90.25288896332272,0.3684474962317869,5.797733217088056,26.52571926765475,39.29816913687881,18.025283347863997,10.353095030514384,94.20226678291196,19.68177855274629,80.3182214472537,95.27363184079604,4.72636815920398,2019,02896
