,NAME,B08133_001E,B08011_001E,B08011_007E,B08133_007E,B08011_008E,B08133_008E,B08011_009E,B08133_009E,B08011_010E,B08133_010E,B08011_011E,B08133_011E,B08011_012E,B08133_012E,B08011_013E,B08133_013E,B08136_002E,B08136_007E,B08136_012E,B08006_002E,B08006_008E,B08006_016E,mhi,B08006_001E,B08201_001E,B08201_002E,B25003_001E,B25003_002E,B25003_003E,total_population_race,num_white_alone,num_baa_alone,B02001_004E,B02001_005E,B02001_008E,B02008_001E,B02009_001E,B02010_001E,B02011_001E,B02012_001E,state,zip code tabulation area,avg_time_agg,avg_time_to_work_7_8am,avg_time_to_work_8_9am,avg_time_to_work_9_10am,avg_travel_ctv,avg_travel_pt,pct_workers_ctv,pct_workers_pt,pct_households_no_car,pct_households_min_car,pct_renter_occupied_units,pct_owner_occupied_units,pct_white,pct_nonwhite,year
0,ZCTA5 02904,310085.0,13345,2107,40700.0,1945,42390.0,1405,36215.0,577,10070.0,788,17395.0,104,4380.0,361,6435.0,273575.0,29815.0,3840.0,12372,447,188,44269,13789,12591,2140,12591,5964,6627,30613,19801,5832,68,696,1375,20689,6865,326,999,216,44,2904,23.236043461970777,20.505923000987167,23.352674066599395,24.411434977578477,22.112431296475915,66.70022371364654,89.72369279860759,3.241714410036986,16.996267174966246,488.3644859813084,52.632832975935194,47.36716702406481,64.68167118544409,35.318328814555905,2019
1,ZCTA5 02909,404440.0,17372,2450,56790.0,1752,35670.0,3222,70965.0,632,13395.0,1447,28605.0,594,9345.0,557,12240.0,,,,15396,792,261,42041,18113,14167,2622,14167,4571,9596,40809,19409,6272,504,1819,1686,20262,7146,1074,2160,232,44,2909,23.281142067695143,22.003807710613994,21.888946549039957,18.593826555609994,,,84.99972395517031,4.372550102136587,18.507799816474908,440.31273836765826,67.73487682642761,32.265123173572384,47.560587125389006,52.439412874610994,2019
2,ZCTA5 02917,135890.0,6293,999,24120.0,932,17420.0,500,10775.0,304,6560.0,406,6055.0,262,4680.0,71,790.0,,,,5592,10,77,83516,6528,4687,255,4687,3624,1063,14139,12920,306,13,509,289,13185,399,87,572,38,44,2917,21.593834419195932,21.512169860176076,21.56094527363184,16.070359281437124,,,85.66176470588235,0.15318627450980393,5.44058032856838,1738.0392156862745,22.679752506934072,77.32024749306593,91.37845675083103,8.621543249168965,2019
3,ZCTA5 02802,,350,26,,15,,63,,0,,19,,76,,29,,9755.0,-666666666.0,-666666666.0,350,0,0,69321,350,253,12,253,74,179,723,620,0,0,0,0,620,0,0,0,0,44,2802,,,,,27.87142857142857,-inf,100.0,0.0,4.743083003952568,2008.3333333333333,70.7509881422925,29.249011857707508,85.75380359612724,14.246196403872752,2019
4,ZCTA5 02826,,254,61,,44,,0,,0,,0,,0,,0,,,,,222,0,0,91964,254,178,30,178,155,23,418,418,0,0,0,0,418,0,0,0,0,44,2826,,,,,,,87.4015748031496,0.0,16.853932584269664,493.33333333333337,12.921348314606742,87.07865168539325,100.0,0.0,2019
5,ZCTA5 02841,,894,157,,51,,65,,0,,10,,0,,0,,,,,160,0,71,-666666666,1565,0,0,0,0,0,1633,1297,143,0,73,91,1388,176,25,106,0,44,2841,,,,,,,10.223642172523961,0.0,,,,,79.42437232088182,20.57562767911819,2019
6,ZCTA5 02872,,70,21,,14,,16,,0,,0,,0,,0,,825.0,-666666666.0,-666666666.0,70,0,0,-666666666,103,132,46,132,116,16,244,244,0,0,0,0,244,0,0,0,0,44,2872,,,,,11.785714285714286,-inf,67.96116504854369,0.0,34.84848484848485,186.95652173913044,12.121212121212121,87.87878787878788,100.0,0.0,2019
7,ZCTA5 02873,,159,0,,36,,37,,0,,0,,0,,0,,5125.0,-666666666.0,-666666666.0,159,0,0,108750,159,106,0,106,106,0,200,200,0,0,0,0,200,0,0,0,0,44,2873,,,,,32.23270440251572,-inf,100.0,0.0,0.0,inf,0.0,100.0,100.0,0.0,2019
8,ZCTA5 02876,,148,0,,0,,63,,0,,25,,0,,16,,4725.0,-666666666.0,-666666666.0,148,0,0,-666666666,148,219,0,219,84,135,353,330,0,0,0,23,353,23,0,0,0,44,2876,,,,,31.925675675675677,-inf,100.0,0.0,0.0,inf,61.64383561643836,38.35616438356164,93.48441926345609,6.515580736543909,2019
9,ZCTA5 02912,,459,12,,3,,21,,23,,15,,33,,2,,,,,140,13,11,-666666666,539,0,0,0,0,0,1340,957,73,0,211,64,1004,104,18,230,4,44,2912,,,,,,,25.97402597402597,2.411873840445269,,,,,71.41791044776119,28.582089552238806,2019
10,ZCTA5 02808,,1083,284,,34,,125,,122,,104,,22,,20,,,,,1059,0,24,74500,1083,764,0,764,540,224,2312,2220,61,0,0,0,2220,61,0,0,0,44,2808,,,,,,,97.78393351800554,0.0,0.0,inf,29.31937172774869,70.68062827225131,96.02076124567473,3.9792387543252596,2019
11,ZCTA5 02812,,608,100,,79,,108,,0,,18,,0,,0,,,,,608,0,0,113221,634,403,0,403,374,29,1207,1087,88,0,0,32,1119,120,0,0,0,44,2812,,,,,,,95.89905362776025,0.0,0.0,inf,7.196029776674938,92.80397022332507,90.05799502899751,9.942004971002486,2019
12,ZCTA5 02818,220295.0,8470,1410,39580.0,1628,41885.0,1281,30015.0,681,12580.0,538,11705.0,166,4045.0,62,1285.0,209355.0,8315.0,1815.0,8186,130,59,102621,9023,7599,554,7599,5611,1988,18292,16493,192,141,815,526,16989,370,340,985,38,44,2818,26.008854781582055,26.815339038841344,21.70998980632008,22.37215909090909,25.574761788419252,63.96153846153846,90.72370608445085,1.4407624958439544,7.2904329517041715,1271.6606498194944,26.161337018028686,73.83866298197131,90.16509949704789,9.83490050295211,2019
13,ZCTA5 02825,,3136,604,,261,,245,,54,,191,,9,,79,,,,,3045,45,8,87829,3329,2031,49,2031,1734,297,5768,5530,26,0,13,199,5729,59,104,75,0,44,2825,,,,,,,91.46890958245719,1.3517572844698107,2.4126046282619398,4044.8979591836733,14.623338257016247,85.37666174298376,95.87378640776699,4.12621359223301,2019
14,ZCTA5 02827,42105.0,1216,188,7130.0,128,4580.0,115,2930.0,39,1210.0,44,1025.0,63,2040.0,43,835.0,,,,1176,0,16,82946,1229,857,4,857,838,19,2202,2151,9,0,25,17,2161,26,0,25,0,44,2827,34.625822368421055,37.05696202531646,26.883116883116884,28.64485981308411,,,95.68755085435313,0.0,0.4667444574095682,21325.0,2.2170361726954493,97.78296382730454,97.68392370572208,2.316076294277929,2019
15,ZCTA5 02857,,4481,967,,588,,732,,145,,290,,161,,73,,,,,4365,28,6,96004,4713,3159,66,3159,2828,331,8206,8009,43,0,96,45,8054,66,22,96,0,44,2857,,,,,,,92.61616804583068,0.5941014215998303,2.089268755935423,4686.363636363637,10.477999366888255,89.52200063311174,97.59931757250793,2.400682427492079,2019
16,ZCTA5 02881,,2591,175,,186,,162,,177,,310,,55,,108,,,,,1806,49,0,79111,2723,1044,82,1044,651,393,7629,6475,404,24,400,188,6600,500,49,524,11,44,2881,,,,,,,66.32390745501286,1.7994858611825193,7.854406130268199,1173.1707317073171,37.64367816091954,62.356321839080465,84.87350897889631,15.126491021103682,2019
17,ZCTA5 02898,,793,291,,24,,84,,0,,15,,64,,10,,24760.0,-666666666.0,-666666666.0,793,0,0,77917,834,581,20,581,390,191,1289,1236,0,0,53,0,1236,0,0,53,0,44,2898,,,,,31.223203026481716,-inf,95.08393285371703,0.0,3.4423407917383817,2805.0,32.87435456110155,67.12564543889845,95.88828549262995,4.1117145073700545,2019
18,ZCTA5 02907,274820.0,12000,1273,26915.0,1308,26515.0,1507,24410.0,762,13620.0,384,7465.0,482,14025.0,218,8770.0,,,,10458,1080,128,39877,12840,9362,1508,9362,2730,6632,31294,11534,6672,768,2186,1963,12673,7920,1148,2703,49,44,2907,22.901666666666667,20.70127857419605,16.760687527545173,24.81524249422633,,,81.44859813084112,8.411214953271028,16.10766930143132,520.8222811671088,70.83956419568467,29.160435804315316,36.85690547708826,63.14309452291174,2019
19,ZCTA5 02806,207870.0,7667,1526,45065.0,1326,35875.0,1178,30455.0,659,15100.0,495,11975.0,293,6675.0,68,2145.0,,,,7333,230,0,125125,8222,6051,121,6051,5365,686,16153,14989,81,18,601,441,15406,180,66,910,0,44,2806,27.112299465240643,28.38008415147265,24.79858464888405,23.66751269035533,,,89.18754560934079,2.7973729019703235,1.9996694761196496,4900.826446280992,11.336969096017187,88.66303090398281,92.79390825233703,7.206091747662972,2019
20,ZCTA5 02816,460120.0,16123,2324,65195.0,2114,66380.0,1754,47765.0,732,18935.0,870,20055.0,205,3400.0,229,3890.0,,,,15790,94,91,72471,16710,13338,454,13338,10157,3181,32738,31110,174,17,310,662,31648,665,283,334,7,44,2816,28.53811325435713,29.64736367733213,26.830249396621078,21.81860465116279,,,94.49431478156792,0.5625374027528427,3.4038086669665617,2837.885462555066,23.849152796521217,76.15084720347878,95.02718553363064,4.972814466369357,2019
21,ZCTA5 02828,103775.0,3600,719,20665.0,534,10905.0,296,5625.0,248,5085.0,244,4310.0,75,1460.0,39,855.0,,,,3574,17,8,86772,3756,3020,346,3020,2479,541,7592,7156,1,0,142,172,7302,47,56,215,0,44,2828,28.82638888888889,25.195530726256983,19.6875,18.087774294670847,,,95.15441959531417,0.45260915867944623,11.456953642384105,772.8323699421966,17.913907284768214,82.08609271523179,94.25711275026345,5.742887249736564,2019
22,ZCTA5 02832,,2414,547,,300,,340,,26,,127,,29,,91,,80565.0,-666666666.0,-666666666.0,2414,0,0,80128,2482,1919,50,1919,1563,356,4795,4586,45,0,91,59,4645,78,0,91,0,44,2832,,,,,33.37406793703397,-inf,97.26027397260275,0.0,2.6055237102657633,3738.0000000000005,18.551328817092237,81.44867118290776,95.64129301355578,4.358706986444213,2019
23,ZCTA5 02838,,1498,248,,141,,72,,73,,234,,15,,19,,,,,1429,13,9,62697,1552,1351,120,1351,621,730,3495,3286,66,0,47,95,3381,122,4,82,0,44,2838,,,,,,,92.07474226804123,0.8376288659793815,8.882309400444116,1025.8333333333333,54.0340488527017,45.9659511472983,94.02002861230329,5.979971387696709,2019
24,ZCTA5 02864,471035.0,18018,2716,72155.0,2619,64570.0,2059,48995.0,794,15955.0,1181,24685.0,244,4030.0,100,2150.0,444540.0,24475.0,1680.0,17511,336,113,91806,18546,13238,854,13238,10183,3055,34797,32494,434,5,866,443,32892,610,165,920,8,44,2864,26.142468642468643,25.62792877225867,22.76550998948475,20.150877192982456,25.38632859345554,72.8422619047619,94.41928178582984,1.8117114202523457,6.451125547665811,1450.1170960187353,23.077504154706148,76.92249584529385,93.38161335747334,6.618386642526655,2019
25,ZCTA5 02878,210480.0,7559,1261,30585.0,913,23720.0,912,23535.0,382,8795.0,452,11125.0,274,7275.0,83,1110.0,,,,7494,6,38,75295,7833,6569,261,6569,5105,1464,15774,15221,180,13,132,177,15384,344,66,132,13,44,2878,27.84495303611589,24.97930082796688,24.984544049459043,25.34435261707989,,,95.6721562619686,0.07659900421294523,3.973207489724463,2416.8582375478927,22.28649718374182,77.71350281625818,96.49423101305946,3.505768986940535,2019
26,ZCTA5 02892,,2877,575,,446,,226,,51,,427,,77,,27,,,,,2787,0,0,111895,3068,1917,12,1917,1639,278,5611,5320,95,11,0,182,5502,252,27,25,0,44,2892,,,,,,,90.84093872229465,0.0,0.6259780907668232,15875.0,14.501825769431404,85.49817423056861,94.81375868829086,5.186241311709143,2019
27,ZCTA5 02893,358645.0,15147,1929,48360.0,1914,45160.0,1437,28620.0,887,17190.0,716,12175.0,359,8945.0,180,2860.0,340835.0,13925.0,2120.0,14703,221,69,55106,15542,13231,1318,13231,6908,6323,29143,25697,1161,17,886,745,26396,1419,130,1139,72,44,2893,23.677625932527892,24.335154826958107,19.71170395869191,19.64651162790698,23.181323539413725,63.009049773755656,94.60172435979925,1.4219534165487067,9.961454160683243,903.8694992412748,47.7892827450684,52.2107172549316,88.17554815907765,11.824451840922348,2019
28,ZCTA5 02895,475255.0,18593,2507,64770.0,1627,40440.0,1510,28025.0,626,13490.0,932,19155.0,642,10880.0,267,5030.0,431765.0,21355.0,8270.0,17096,323,478,42595,18940,16663,3023,16663,6058,10605,41603,30599,3988,411,2416,2231,32427,5176,999,2758,0,44,2895,25.560963803581995,25.449927431059507,19.435861423220974,19.081956797966964,25.255322882545624,66.11455108359134,90.26399155227033,1.7053854276663147,18.141991238072375,451.2074098577572,63.644001680369676,36.35599831963032,73.54998437612672,26.45001562387328,2019
29,ZCTA5 02910,287495.0,11668,1915,55285.0,1559,30610.0,1183,24860.0,537,9685.0,770,13845.0,389,9165.0,51,1080.0,243920.0,25795.0,12275.0,10973,416,108,73717,11866,8135,350,8135,5709,2426,22387,17293,1633,139,1386,896,17931,2141,399,1549,158,44,2910,24.63961261570106,24.72510074841681,20.084302325581394,19.85332182916307,22.229107810079284,62.00721153846154,92.47429630878139,3.5058149334232263,4.30239704978488,2224.285714285714,29.82175783650891,70.17824216349109,77.2457229642203,22.754277035779694,2019
30,ZCTA5 02914,218435.0,9948,1339,31490.0,1406,30580.0,1472,25605.0,474,7210.0,518,8675.0,181,4800.0,139,2240.0,,,,9074,497,221,51199,10156,8802,1384,8802,4554,4248,21487,15655,2340,35,793,1585,16784,3394,419,865,31,44,2914,21.95767993566546,22.612021857923498,16.86279547790339,19.277539341917024,,,89.34619929105946,4.893658920834974,15.723699159281981,535.9826589595376,48.261758691206545,51.738241308793455,72.8580071671243,27.141992832875694,2019
31,ZCTA5 02915,,8498,1551,,1310,,1031,,617,,447,,233,,58,,,,,8312,83,62,64495,8638,7356,667,7356,4861,2495,16660,14829,469,22,514,659,15323,945,177,641,19,44,2915,,,,,,,96.22597823570271,0.9608705718916416,9.067427949972812,1002.8485757121439,33.917890157694394,66.0821098423056,89.00960384153662,10.990396158463385,2019
32,ZCTA5 02921,,5687,850,,937,,1026,,514,,488,,120,,111,,,,,5492,91,50,102917,5948,4460,74,4460,3833,627,12243,10461,507,34,840,189,10650,585,34,951,12,44,2921,,,,,,,92.33355749831877,1.5299260255548084,1.6591928251121077,5927.0270270270275,14.058295964125561,85.94170403587444,85.44474393530997,14.555256064690028,2019
33,ZCTA5 02919,315275.0,14238,2282,49880.0,1804,40100.0,1961,41360.0,882,12670.0,797,15210.0,188,3235.0,256,7020.0,,,,13986,67,32,65125,14846,11597,662,11597,7771,3826,29307,26531,549,32,926,657,27166,817,356,1099,0,44,2919,22.143208315774686,22.02153695545766,19.004572634540978,18.725888324873097,,,94.20719385693116,0.45130001347164217,5.70837285504872,1651.8126888217523,32.99129085108218,67.00870914891782,90.52786023816836,9.472139761831643,2019
34,ZCTA5 02804,,957,89,,115,,246,,15,,0,,0,,33,,,,,940,0,17,108672,1026,699,13,699,665,34,1849,1849,0,0,0,0,1849,0,0,0,0,44,2804,,,,,,,91.61793372319687,0.0,1.859799713876967,5276.923076923076,4.86409155937053,95.13590844062946,100.0,0.0,2019
35,ZCTA5 02814,122905.0,4029,467,15835.0,501,15590.0,636,14525.0,260,5630.0,213,3185.0,110,1910.0,42,1110.0,,,,3877,46,21,89531,4161,2978,40,2978,2542,436,7901,7619,29,8,36,178,7797,41,147,63,0,44,2814,30.505088111193846,32.46384297520661,22.494419642857142,15.773993808049536,,,93.1747176159577,1.1055034847392453,1.3431833445265278,7345.0,14.640698455339155,85.35930154466085,96.43083154031136,3.569168459688647,2019
36,ZCTA5 02817,,3290,652,,558,,477,,110,,113,,32,,10,,,,,3203,18,53,119688,3589,2256,0,2256,1853,403,6224,5676,111,0,126,92,5768,140,63,126,0,44,2817,,,,,,,89.24491501811089,0.5015324602953469,0.0,inf,17.863475177304963,82.13652482269504,91.19537275064268,8.804627249357326,2019
37,ZCTA5 02822,,3049,333,,468,,825,,156,,166,,17,,0,,,,,2971,14,36,83024,3343,2301,50,2301,1851,450,6304,5827,13,55,79,110,5920,35,147,92,92,44,2822,,,,,,,88.87227041579419,0.4187855219862399,2.17296827466319,4502.0,19.556714471968707,80.4432855280313,92.43337563451777,7.566624365482233,2019
38,ZCTA5 02835,,2184,306,,240,,285,,211,,325,,76,,41,,,,,2070,80,0,111110,2512,2301,68,2301,1908,393,5494,4965,24,13,392,100,5065,85,52,392,0,44,2835,,,,,,,82.40445859872611,3.1847133757961785,2.955236853541938,3283.8235294117644,17.07953063885267,82.92046936114733,90.3713141609028,9.628685839097196,2019
39,ZCTA5 02813,106755.0,3725,325,11800.0,339,9975.0,560,12775.0,199,4035.0,366,10140.0,145,2330.0,0,-666666666.0,,,,3639,29,26,78209,3879,3282,58,3282,2746,536,7799,7434,3,112,78,172,7578,49,223,121,0,44,2813,28.659060402684563,32.79367469879518,22.14756258234519,24.403131115459882,,,93.81283836040217,0.7476153647847383,1.7672151127361364,5558.620689655172,16.331505179768435,83.66849482023156,95.31991280933453,4.6800871906654695,2019
40,ZCTA5 02840,216510.0,11278,1669,44990.0,1753,33560.0,1535,27000.0,802,10425.0,1233,20205.0,460,5820.0,118,1230.0,,,,9248,254,273,66805,12106,10267,1434,10267,4372,5895,23112,19503,1639,343,413,802,20198,2195,627,548,138,44,2840,19.197552757581132,22.954412624196376,16.014120667522466,15.372120496160662,,,76.39187179910788,2.0981331571121755,13.967078990941854,615.9693165969317,57.416966981591514,42.58303301840849,84.38473520249221,15.615264797507788,2019
41,ZCTA5 02836,,143,44,,0,,22,,0,,60,,5,,0,,,,,143,0,0,-666666666,143,56,0,56,56,0,150,150,0,0,0,0,150,0,0,0,0,44,2836,,,,,,,100.0,0.0,0.0,inf,0.0,100.0,100.0,0.0,2019
42,ZCTA5 02837,,1603,293,,212,,205,,65,,139,,31,,8,,,,,1563,8,0,89353,1799,1561,51,1561,1269,292,3489,3448,19,0,12,10,3458,19,0,22,0,44,2837,,,,,,,86.881600889383,0.44469149527515284,3.267136450992953,2960.7843137254904,18.705957719410634,81.29404228058937,98.82487818859272,1.1751218114072801,2019
43,ZCTA5 02858,,586,156,,0,,38,,0,,0,,0,,0,,,,,586,0,0,-666666666,586,233,0,233,143,90,774,582,0,0,0,192,705,192,69,0,0,44,2858,,,,,,,100.0,0.0,0.0,inf,38.62660944206009,61.37339055793991,75.1937984496124,24.8062015503876,2019
44,ZCTA5 02882,154775.0,6028,769,27025.0,365,9300.0,890,22515.0,228,3130.0,611,14705.0,304,5130.0,139,2655.0,,,,5870,67,12,83600,6467,5870,162,5870,4035,1835,14029,13285,117,0,300,117,13402,130,24,369,0,44,2882,25.676011944260118,32.032627865961196,22.938282647584973,21.6775956284153,,,90.7685170867481,1.0360290706664605,2.7597955706984667,3523.456790123457,31.260647359454858,68.73935264054515,94.69669969349205,5.303300306507948,2019
45,ZCTA5 02891,279720.0,10683,1643,44875.0,1323,28030.0,1243,41640.0,705,11570.0,536,11465.0,235,5875.0,151,3430.0,,,,10104,184,109,70358,11031,9333,721,9333,5932,3401,21143,19588,321,106,511,257,19827,407,295,563,0,44,2891,26.183656276326875,24.58024275118004,27.315195071868583,22.490272373540854,,,91.59641011694316,1.6680264708548638,7.725275902710811,1194.4521497919557,36.44058716382728,63.559412836172726,92.6453199640543,7.3546800359457025,2019
46,ZCTA5 02842,140935.0,8051,1277,25985.0,1030,12945.0,1027,19315.0,408,5095.0,635,6830.0,249,3510.0,42,380.0,136360.0,855.0,1105.0,7580,48,30,74022,8356,6868,391,6868,3761,3107,15936,13425,1062,42,464,489,13914,1335,60,662,118,44,2842,17.505278847348155,16.874729085392286,17.010452961672474,11.69683257918552,17.989445910290236,17.8125,90.7132599329823,0.5744375299186213,5.693069306930694,1656.5217391304348,45.238788584740824,54.76121141525917,84.24322289156626,15.756777108433734,2019
47,ZCTA5 02861,373970.0,13723,2022,57440.0,1976,43910.0,1220,25250.0,714,19415.0,707,14900.0,221,5515.0,108,1910.0,,,,13070,374,41,64833,14001,10095,731,10095,6171,3924,25622,20305,1911,95,765,1066,21182,2626,240,965,93,44,2861,27.251329884136123,25.35017508754377,23.09462254395036,21.998922413793103,,,93.35047496607385,2.671237768730805,7.241208519068847,1280.984952120383,38.870728083209514,61.12927191679049,79.24830224026226,20.751697759737723,2019
48,ZCTA5 02906,328255.0,13797,1449,50670.0,2185,48650.0,2073,47685.0,1569,33195.0,1686,33885.0,692,11110.0,355,6065.0,210505.0,73830.0,6525.0,9149,1292,117,85270,14861,10687,1267,10687,5115,5572,27825,21209,1593,33,3193,1309,22392,1948,107,4060,120,44,2906,23.7917663260129,27.33076499724821,22.207578253706753,18.921362489486963,23.008525521914965,57.143962848297214,61.56382477626001,8.693896776798331,11.855525404697294,743.4885556432517,52.138111724525125,47.861888275474875,76.22282120395329,23.777178796046723,2019
49,ZCTA5 02905,261025.0,11076,1485,37925.0,1440,29135.0,1547,31625.0,779,13860.0,652,12700.0,567,10390.0,241,5830.0,,,,9689,799,163,47942,11545,8880,1177,8880,4168,4712,26174,15426,4812,176,1109,1246,16318,5501,347,1442,56,44,2905,23.566720837847598,22.926495726495727,19.555030094582975,18.941755537325676,,,83.92377652663491,6.9207449112169765,13.254504504504505,654.4604927782498,53.06306306306306,46.93693693693694,58.93634904867425,41.06365095132574,2019
50,ZCTA5 02815,,207,33,,39,,37,,25,,0,,45,,0,,4475.0,-666666666.0,-666666666.0,207,0,0,194450,207,123,0,123,98,25,367,322,0,0,0,45,367,0,0,45,45,44,2815,,,,,21.618357487922705,-inf,100.0,0.0,0.0,inf,20.32520325203252,79.67479674796748,87.73841961852861,12.26158038147139,2019
51,ZCTA5 02831,,1572,280,,253,,256,,168,,79,,0,,0,,,,,1510,46,0,95000,1634,1168,40,1168,1006,162,3277,3179,0,0,36,62,3225,16,62,36,0,44,2831,,,,,,,92.41126070991432,2.8151774785801713,3.4246575342465753,2820.0,13.86986301369863,86.13013698630137,97.009459871834,2.9905401281660056,2019
52,ZCTA5 02859,,3764,693,,338,,259,,44,,170,,92,,7,,,,,3514,15,93,87363,3898,2487,105,2487,1826,661,7070,6747,10,0,106,158,6905,50,21,203,0,44,2859,,,,,,,90.14879425346332,0.38481272447408926,4.2219541616405305,2268.571428571429,26.578206674708483,73.42179332529152,95.43140028288543,4.5685997171145685,2019
53,ZCTA5 02860,554320.0,22285,3135,78925.0,2151,45685.0,2066,46350.0,1162,21730.0,1496,32000.0,649,22610.0,219,5395.0,477220.0,60500.0,6810.0,20569,895,169,43586,22624,18543,3118,18543,6745,11798,46363,24155,10707,354,954,2938,25986,12505,1234,1132,134,44,2860,24.874130581108368,23.573590616723422,21.090458488228006,25.45920745920746,23.20093344353153,67.59776536312849,90.91672560113155,3.955975954738331,16.81497060885509,494.70814624759464,63.62508763414766,36.37491236585234,52.09973470224101,47.900265297758985,2019
54,ZCTA5 02916,113790.0,4849,785,15325.0,893,19170.0,661,16325.0,361,4695.0,324,5780.0,124,2930.0,45,945.0,,,,4665,92,83,80701,5056,3707,218,3707,2705,1002,9238,8620,245,0,69,235,8802,347,44,170,21,44,2916,23.466694163745103,20.557210965435043,20.56751467710372,19.441964285714285,,,92.26661392405063,1.8196202531645569,5.880766118154842,1600.4587155963304,27.02994335041813,72.97005664958188,93.31024031175579,6.689759688244208,2019
55,ZCTA5 02865,213355.0,8794,1561,38880.0,1484,32540.0,1421,38385.0,749,14825.0,586,13565.0,246,4835.0,148,2190.0,193890.0,10175.0,8590.0,8415,128,174,92742,8954,6497,354,6497,4878,1619,17667,16050,237,0,695,360,16410,374,60,858,24,44,2865,24.261428246531725,23.454844006568145,24.52073732718894,22.115384615384617,23.040998217468804,79.4921875,93.98034398034399,1.429528702255975,5.448668616284439,1735.3107344632767,24.919193473911037,75.08080652608896,90.84734250297164,9.152657497028358,2019
56,ZCTA5 02871,209480.0,8507,1021,31355.0,1433,30530.0,1303,28395.0,673,13275.0,551,11110.0,89,2215.0,112,2645.0,199640.0,6045.0,2625.0,8135,157,42,102392,8902,7079,273,7079,5462,1617,17119,16305,253,0,130,378,16643,361,28,306,78,44,2871,24.624426942517925,25.21801140994295,21.088056680161944,20.8203125,24.540872771972957,38.503184713375795,91.38395866097507,1.7636486182880253,3.856476903517446,2493.040293040293,22.842209351603334,77.15779064839666,95.24504936035983,4.754950639640166,2019
57,ZCTA5 02911,185190.0,7542,1129,25630.0,1134,23750.0,893,26120.0,397,11730.0,337,6670.0,235,5475.0,85,1195.0,,,,7040,252,78,60902,7738,6621,645,6621,3522,3099,15921,13196,1303,30,590,323,13433,1425,160,704,11,44,2911,24.554494828957836,21.820592134334955,29.34108527131783,21.232517482517483,,,90.9795812871543,3.256655466528819,9.74173085636611,926.5116279069767,46.805618486633435,53.194381513366565,82.88424093963947,17.11575906036053,2019
58,ZCTA5 02809,254490.0,10293,1582,45275.0,1148,28980.0,1157,31470.0,724,13765.0,664,14965.0,356,6710.0,199,3895.0,238745.0,6455.0,700.0,9071,132,115,72422,10801,8331,556,8331,5616,2715,22172,20890,526,16,360,172,21047,582,73,414,2,44,2809,24.72457009618187,27.1996336996337,24.048378522062734,21.25,26.319589901885127,48.90151515151515,83.98296454032034,1.2221090639755579,6.673868683231304,1398.381294964029,32.5891249549874,67.4108750450126,94.21793252751218,5.782067472487822,2019
59,ZCTA5 02830,,3045,727,,385,,191,,93,,203,,37,,81,,,,,2990,32,23,84970,3149,2273,112,2273,1796,477,6255,5806,1,0,332,116,5922,3,0,422,0,44,2830,,,,,,,94.95077802476976,1.0161956176563989,4.927408710954685,1929.4642857142858,20.985481742190938,79.01451825780906,92.82174260591528,7.178257394084732,2019
60,ZCTA5 02839,,921,118,,132,,67,,37,,0,,31,,0,,,,,855,0,44,68258,921,816,61,816,537,279,2098,1908,95,0,0,0,1908,95,0,0,0,44,2839,,,,,,,92.83387622149837,0.0,7.4754901960784315,1237.704918032787,34.19117647058824,65.80882352941177,90.94375595805529,9.05624404194471,2019
61,ZCTA5 02875,,294,14,,53,,33,,0,,18,,0,,0,,,,,272,0,22,160278,294,162,0,162,143,19,466,466,0,0,0,0,466,0,0,0,0,44,2875,,,,,,,92.51700680272108,0.0,0.0,inf,11.728395061728394,88.27160493827161,100.0,0.0,2019
62,ZCTA5 02807,,482,83,,77,,67,,29,,81,,23,,0,,,,,410,7,0,59423,515,440,12,440,294,146,916,859,4,0,19,27,873,18,0,32,13,44,2807,,,,,,,79.6116504854369,1.3592233009708738,2.727272727272727,3566.6666666666665,33.18181818181819,66.81818181818183,93.77729257641921,6.222707423580786,2019
63,ZCTA5 02852,283580.0,10802,1543,48765.0,1181,30155.0,1597,38870.0,664,14430.0,671,12265.0,357,7075.0,82,1495.0,,,,10425,111,61,86625,11403,9005,528,9005,6587,2418,22048,20177,146,128,517,853,21010,414,347,905,0,44,2852,26.25254582484725,28.972099853157122,23.573639982308713,18.813229571984436,,,91.42330965535386,0.9734280452512496,5.86340921710161,1605.4924242424242,26.851749028317602,73.14825097168239,91.51396952104498,8.486030478955007,2019
64,ZCTA5 02879,262470.0,9739,1337,41030.0,1215,30875.0,1544,34535.0,770,18990.0,639,13135.0,461,8330.0,49,1590.0,,,,9234,191,106,89288,10410,8380,270,8380,6224,2156,20610,18842,343,492,301,437,19260,384,635,404,0,44,2879,26.950405585789095,28.175940438871475,23.130942091616248,19.513636363636362,,,88.70317002881845,1.8347742555235351,3.221957040572793,3003.703703703704,25.727923627684962,74.27207637231503,91.42163998059195,8.578360019408054,2019
65,ZCTA5 02886,338260.0,13987,2024,56985.0,1866,38230.0,1887,41750.0,1018,18155.0,806,18810.0,313,4535.0,72,1540.0,,,,13619,208,17,69646,14532,12498,945,12498,8294,4204,28776,26300,406,108,1217,492,26754,520,246,1354,5,44,2886,24.183885036104954,24.47686375321337,20.62134251290878,20.862377122430743,,,93.71731351500138,1.4313239746765758,7.561209793566971,1222.5396825396824,33.637381981116974,66.36261801888303,91.39560745065333,8.604392549346677,2019
66,ZCTA5 02889,382410.0,14347,2570,72535.0,1559,41790.0,1427,34080.0,804,15290.0,740,18880.0,506,11315.0,97,3015.0,,,,13947,206,42,77783,14829,11450,445,11450,8717,2733,27807,25267,628,174,655,762,25947,936,426,946,17,44,2889,26.65435282637485,27.688302252361346,22.129090094128195,24.23354735152488,,,94.05219502326523,1.389169869849619,3.88646288209607,2473.0337078651687,23.868995633187772,76.13100436681222,90.86560937893337,9.134390621066638,2019
67,ZCTA5 02874,,2771,477,,460,,322,,152,,244,,110,,4,,,,,2603,121,22,135514,3017,2156,23,2156,1937,219,6045,5836,96,0,48,28,5864,116,8,48,0,44,2874,,,,,,,86.27775936360624,4.010606562810739,1.0667903525046383,9273.91304347826,10.157699443413728,89.84230055658628,96.54259718775849,3.4574028122415217,2019
68,ZCTA5 02885,138670.0,5350,1002,26145.0,710,16190.0,330,7495.0,208,4765.0,323,5950.0,176,6490.0,36,520.0,130350.0,7060.0,610.0,5041,145,50,60486,5507,4857,517,4857,2619,2238,10461,10074,43,0,45,243,10306,152,126,59,31,44,2885,25.919626168224298,24.72838785046729,22.78810408921933,24.929859719438877,25.857964689545724,48.689655172413794,91.53804249137461,2.633012529507899,10.644430718550545,839.458413926499,46.077825818406424,53.922174181593576,96.30054488098652,3.6994551190134786,2019
69,ZCTA5 02888,249400.0,10196,1749,44110.0,1667,35280.0,1077,25505.0,538,11600.0,399,12255.0,193,4360.0,136,5735.0,,,,9858,151,0,75011,10289,8193,436,8193,6314,1879,18687,16948,476,68,440,455,17356,797,128,529,23,44,2888,24.46057277363672,23.24063231850117,22.975232198142415,28.06587837837838,,,95.8110603557197,1.4675867431237244,5.321616013670207,1779.1284403669724,22.93421213230807,77.06578786769194,90.69406539305399,9.305934606946005,2019
70,ZCTA5 02894,,355,46,,15,,0,,0,,0,,0,,0,,9350.0,-666666666.0,-666666666.0,355,0,0,70587,355,241,42,241,223,18,517,517,0,0,0,0,517,0,0,0,0,44,2894,,,,,26.338028169014084,-inf,100.0,0.0,17.42738589211618,473.8095238095238,7.468879668049793,92.5311203319502,100.0,0.0,2019
71,ZCTA5 02903,86515.0,4361,340,11240.0,531,10220.0,561,12830.0,431,7350.0,480,5975.0,219,2850.0,149,2020.0,,,,2412,355,87,36347,4828,4701,1842,4701,770,3931,10979,7281,1087,141,1351,609,7739,1387,294,1587,46,44,2903,19.838339830314148,24.638346727898966,20.342741935483872,12.625178826895565,,,49.95857497928749,7.352941176470589,39.183152520740265,155.21172638436482,83.62050627526058,16.379493724739415,66.31751525639858,33.68248474360142,2019
72,ZCTA5 02908,359975.0,15134,2334,67255.0,1821,40495.0,2038,40760.0,607,8210.0,852,15940.0,477,9595.0,228,3610.0,299540.0,41360.0,9160.0,13052,850,196,51981,15869,12079,1715,12079,5355,6724,36314,23269,6407,95,1190,1597,24331,7153,704,1605,25,44,2908,23.785846438482885,25.932611311672684,18.514177693761816,19.213694507148233,22.949739503524363,48.65882352941176,82.2484088474384,5.356355157854938,14.198195214835666,604.3148688046648,55.66685983939068,44.333140160609325,64.07721539901966,35.92278460098034,2019
73,ZCTA5 02920,363785.0,16217,2595,66925.0,2362,40070.0,2372,47395.0,912,16460.0,1049,20065.0,512,10335.0,319,5955.0,,,,15316,406,80,63523,16689,14101,1419,14101,8773,5328,37165,29125,2284,220,2291,1600,30140,3156,438,2578,172,44,2920,22.432324104334956,21.58462779907202,19.44427527405603,19.474695707879565,,,91.77302414764216,2.432740128228174,10.063116091057372,893.7279774489077,37.78455428693,62.21544571307,78.3667429032692,21.633257096730794,2019
74,ZCTA5 02833,,657,114,,40,,56,,0,,27,,0,,16,,20685.0,-666666666.0,-666666666.0,657,0,0,88902,657,443,32,443,362,81,1141,1095,0,0,34,12,1095,0,0,46,0,44,2833,,,,,31.484018264840184,-inf,100.0,0.0,7.223476297968396,1284.375,18.284424379232505,81.7155756207675,95.96844872918493,4.031551270815075,2019
75,ZCTA5 02863,222115.0,7782,914,25840.0,502,10150.0,764,17030.0,220,8490.0,318,8955.0,252,8160.0,49,760.0,,,,6802,472,39,32928,7878,6103,1538,6103,1221,4882,19411,9424,2460,196,126,1375,10296,3253,380,478,197,44,2863,28.542148547931124,25.416666666666668,25.934959349593495,30.026315789473685,,,86.34171109418635,5.9913683676059915,25.20072095690644,296.81404421326397,79.9934458463051,20.006554153694907,48.549791355417035,51.45020864458297,2019
76,ZCTA5 02896,164430.0,5485,917,27265.0,420,10565.0,658,18900.0,196,4305.0,310,7910.0,94,1420.0,36,1300.0,,,,5389,22,65,80885,5971,4588,266,4588,3685,903,12060,11490,306,0,128,113,11586,384,31,128,0,44,2896,29.978122151321788,28.294689603590125,27.172131147540984,23.094059405940595,,,90.25288896332273,0.36844749623178696,5.797733217088056,1624.812030075188,19.681778552746295,80.3182214472537,95.27363184079603,4.72636815920398,2019
