,NAME,B08133_001E,B08011_001E,B08011_007E,B08133_007E,B08011_008E,B08133_008E,B08011_009E,B08133_009E,B08011_010E,B08133_010E,B08011_011E,B08133_011E,B08011_012E,B08133_012E,B08011_013E,B08133_013E,B08006_002E,B08006_008E,B08006_016E,mhi,B08006_001E,B08201_001E,B08201_002E,B08201_003E,B08201_004E,B08201_005E,B08201_006E,B25003_001E,B25003_002E,B25003_003E,total_population_race,num_white_alone,num_baa_alone,B02001_004E,B02001_005E,B02001_008E,B02008_001E,B02009_001E,B02010_001E,B02011_001E,B02012_001E,state,county,tract,avg_time_agg,avg_time_to_work_7_8am,avg_time_to_work_8_9am,avg_time_to_work_9_10am,pct_workers_ctv,pct_workers_pt,pct_households_no_car,pct_households_min_car,pct_renter_occupied_units,pct_owner_occupied_units,pct_white,pct_nonwhite,year
0,"Census Tract 145.01, Providence County, Rhode Island",,2638,319,,441,,457,,192,,309,,66,,11,,2607,11,20,114444,2766,1638,30,288,710,397,213,1638,1610,28,5101,4772,205,0,109,0,4772,205,0,109,0,44,7,14501,,,,,94.25162689804772,0.39768618944323936,1.8315018315018317,5360.0,1.7094017094017095,98.29059829059828,93.55028425798862,6.449715742011371,2015
1,"Census Tract 155, Providence County, Rhode Island",,1876,131,,329,,214,,64,,34,,35,,13,,1722,72,0,49407,1926,1470,164,551,535,196,24,1470,798,672,4111,2892,418,5,63,159,3034,558,24,63,0,44,7,15500,,,,,89.40809968847351,3.7383177570093453,11.156462585034014,796.3414634146342,45.714285714285715,54.285714285714285,70.34784723911457,29.652152760885432,2015
2,"Census Tract 159, Providence County, Rhode Island",,1662,121,,279,,73,,91,,66,,16,,5,,1526,40,0,58125,1728,1244,84,511,442,143,64,1244,474,770,3429,2288,746,12,0,142,2376,810,36,54,0,44,7,15900,,,,,88.31018518518519,2.314814814814815,6.752411575562702,1380.952380952381,61.89710610932476,38.10289389067524,66.72499270924467,33.27500729075532,2015
3,"Census Tract 2, Providence County, Rhode Island",,2195,356,,34,,308,,95,,183,,144,,24,,1677,346,26,22875,2281,2057,544,1011,453,49,0,2057,436,1621,6651,2053,1542,153,348,374,2409,1806,172,366,29,44,7,200,,,,,73.52038579570363,15.168785620341954,26.446280991735538,278.125,78.80408361691784,21.195916383082157,30.867538715982555,69.13246128401744,2015
4,"Census Tract 3, Providence County, Rhode Island",,2696,213,,454,,392,,207,,199,,63,,0,,2323,259,87,29130,2730,2081,466,1030,401,166,18,2081,527,1554,6165,2260,1308,210,107,115,2375,1357,210,108,0,44,7,300,,,,,85.0915750915751,9.487179487179487,22.393080249879866,346.5665236051502,74.67563671311869,25.324363286881308,36.658556366585564,63.34144363341444,2015
5,"Census Tract 184, Providence County, Rhode Island",55520.0,2499,515,11035.0,222,4445.0,252,5065.0,91,2095.0,103,1650.0,78,1250.0,0,-666666666.0,2434,53,0,52391,2536,2564,457,957,805,284,61,2564,1452,1112,5587,4498,464,44,465,114,4584,499,82,482,0,44,7,18400,22.216886754701882,21.00407055630936,20.87463556851312,16.022099447513813,95.97791798107255,2.089905362776025,17.82371294851794,461.0503282275711,43.36973478939157,56.63026521060842,80.50832289242885,19.49167710757115,2015
6,"Census Tract 176, Providence County, Rhode Island",,1006,73,,52,,130,,4,,100,,19,,24,,882,32,45,34573,1028,978,168,406,308,65,31,978,241,737,2698,1682,487,18,240,111,1782,583,27,240,0,44,7,17600,,,,,85.7976653696498,3.11284046692607,17.177914110429448,482.1428571428571,75.35787321063395,24.642126789366053,62.34247590808006,37.65752409191994,2015
7,"Census Tract 177, Providence County, Rhode Island",,1920,105,,231,,152,,91,,213,,82,,14,,1803,28,75,58182,1935,1486,40,532,743,106,65,1486,1059,427,3744,3144,149,0,366,37,3181,159,0,393,0,44,7,17700,,,,,93.1782945736434,1.4470284237726097,2.6917900403768504,3615.0,28.734858681022878,71.26514131897711,83.97435897435898,16.025641025641026,2015
8,"Census Tract 183, Providence County, Rhode Island",,740,19,,51,,86,,15,,28,,44,,0,,668,9,41,27204,769,739,156,383,115,67,18,739,115,624,1954,1522,284,0,22,122,1644,401,0,22,0,44,7,18300,,,,,86.86605981794538,1.1703511053315996,21.10960757780785,373.71794871794873,84.4384303112314,15.561569688768607,77.89150460593655,22.10849539406346,2015
9,"Census Tract 1.02, Providence County, Rhode Island",49055.0,2061,112,3595.0,276,7290.0,270,3285.0,86,1715.0,133,2150.0,55,390.0,0,-666666666.0,1881,174,0,34297,2180,1702,169,896,556,66,15,1702,966,736,4922,1913,979,48,571,181,1986,1151,84,571,24,44,7,102,23.801552644347403,28.054123711340207,14.044943820224718,13.51063829787234,86.28440366972477,7.9816513761467895,9.929494712103407,907.1005917159763,43.24324324324324,56.75675675675676,38.86631450629825,61.13368549370175,2015
10,"Census Tract 6, Providence County, Rhode Island",,530,39,,89,,76,,20,,20,,25,,10,,370,66,13,25556,554,512,76,269,105,44,18,512,130,382,2022,631,958,0,117,87,688,1037,0,121,7,44,7,600,,,,,66.78700361010831,11.913357400722022,14.84375,573.6842105263157,74.609375,25.390625,31.206726013847675,68.79327398615233,2015
11,"Census Tract 7, Providence County, Rhode Island",,762,113,,39,,43,,50,,34,,17,,17,,581,92,19,15259,767,994,447,327,205,15,0,994,76,918,2614,652,1119,13,11,95,684,1187,54,11,0,44,7,700,,,,,75.7496740547588,11.994784876140809,44.969818913480886,122.37136465324386,92.35412474849095,7.645875251509055,24.942616679418517,75.05738332058148,2015
12,"Census Tract 12, Providence County, Rhode Island",,1212,163,,72,,213,,34,,101,,75,,11,,880,136,87,21118,1242,1157,312,663,146,27,9,1157,177,980,3220,1201,715,0,0,29,1227,740,14,0,0,44,7,1200,,,,,70.85346215780999,10.950080515297907,26.96629213483146,270.83333333333337,84.70181503889368,15.298184961106308,37.29813664596273,62.70186335403727,2015
13,"Census Tract 14, Providence County, Rhode Island",,2867,252,,88,,312,,242,,157,,80,,34,,2498,281,39,42232,2915,1984,414,959,424,84,103,1984,392,1592,6830,1989,1107,142,1249,151,2064,1242,202,1249,0,44,7,1400,,,,,85.69468267581475,9.639794168096055,20.866935483870968,379.2270531400966,80.24193548387096,19.758064516129032,29.121522693997072,70.87847730600294,2015
14,"Census Tract 23, Providence County, Rhode Island",,2363,283,,323,,229,,330,,158,,129,,73,,2064,108,41,49578,2469,1799,125,593,781,259,41,1799,981,818,4629,3918,316,0,183,35,3953,324,12,198,0,44,7,2300,,,,,83.59659781287971,4.374240583232078,6.948304613674264,1339.2,45.46970539188438,54.53029460811562,84.64031108230719,15.359688917692807,2015
15,"Census Tract 26, Providence County, Rhode Island",,1131,160,,111,,249,,0,,38,,56,,10,,1023,80,0,24234,1131,1235,289,557,306,58,25,1235,246,989,3306,909,1031,165,330,144,990,1170,170,393,0,44,7,2600,,,,,90.45092838196287,7.073386383731211,23.40080971659919,327.3356401384083,80.08097165991903,19.91902834008097,27.49546279491833,72.50453720508166,2015
16,"Census Tract 36.02, Providence County, Rhode Island",,2033,62,,106,,173,,96,,275,,172,,136,,562,55,18,79167,2235,632,101,262,184,67,18,632,293,339,5544,4138,356,9,707,180,4284,385,35,829,40,44,7,3602,,,,,25.145413870246085,2.460850111856823,15.981012658227847,525.7425742574258,53.63924050632911,46.360759493670884,74.63924963924964,25.360750360750362,2015
17,"Census Tract 108, Providence County, Rhode Island",,1814,224,,49,,109,,27,,56,,110,,30,,1487,156,33,25377,1851,1679,447,740,430,62,0,1679,380,1299,4710,2593,903,92,29,175,2637,1034,107,29,0,44,7,10800,,,,,80.33495407887628,8.427876823338735,26.62298987492555,275.6152125279642,77.36748064324003,22.632519356759975,55.053078556263266,44.946921443736734,2015
18,"Census Tract 113.02, Providence County, Rhode Island",,2403,298,,398,,297,,253,,185,,17,,32,,2227,41,47,95234,2492,1487,36,289,685,324,153,1487,1391,96,4273,4124,0,7,29,64,4169,19,52,29,0,44,7,11302,,,,,89.36597110754414,1.6452648475120384,2.42098184263618,4030.5555555555557,6.4559515803631475,93.54404841963685,96.51298853264684,3.4870114673531476,2015
19,"Census Tract 117.01, Providence County, Rhode Island",,2104,321,,311,,288,,76,,157,,38,,61,,2014,45,45,47841,2105,1895,109,819,683,178,106,1895,1097,798,4757,4395,149,0,112,88,4483,149,0,124,0,44,7,11701,,,,,95.6769596199525,2.137767220902613,5.75197889182058,1638.532110091743,42.110817941952504,57.889182058047496,92.39016186672272,7.609838133277276,2015
20,"Census Tract 124.01, Providence County, Rhode Island",65260.0,3694,449,9615.0,392,6980.0,443,6780.0,320,5940.0,407,6850.0,55,1490.0,49,1010.0,3677,1,0,57370,3725,2789,115,1216,1004,303,151,2789,1963,826,7068,6227,195,0,259,383,6535,334,246,283,0,44,7,12401,17.66648619382783,19.732461355529132,16.67103538663172,18.051948051948052,98.71140939597316,0.026845637583892613,4.123341699533883,2325.217391304348,29.61634994621728,70.38365005378272,88.10130164119977,11.898698358800226,2015
21,"Census Tract 152, Providence County, Rhode Island",,695,49,,55,,39,,0,,23,,19,,12,,637,36,0,12676,695,1546,935,477,125,9,0,1546,183,1363,2464,1347,521,0,16,69,1356,574,7,16,13,44,7,15200,,,,,91.65467625899281,5.179856115107913,60.47865459249676,65.3475935828877,88.16300129366105,11.836998706338939,54.6672077922078,45.3327922077922,2015
22,"Census Tract 153, Providence County, Rhode Island",,871,86,,95,,73,,13,,68,,25,,23,,789,51,0,30595,884,930,142,448,266,58,16,930,300,630,2206,1527,447,0,0,44,1557,491,20,5,0,44,7,15300,,,,,89.25339366515837,5.769230769230769,15.268817204301074,554.9295774647887,67.74193548387096,32.25806451612903,69.22030825022667,30.779691749773345,2015
23,"Census Tract 158, Providence County, Rhode Island",,1677,169,,332,,146,,116,,48,,0,,21,,1624,27,0,54627,1705,1381,54,549,551,149,78,1381,1001,380,3564,3227,76,0,26,35,3247,76,15,46,0,44,7,15800,,,,,95.24926686217009,1.5835777126099706,3.9102099927588703,2457.4074074074074,27.516292541636496,72.4837074583635,90.54433221099887,9.455667789001122,2015
24,"Census Tract 167, Providence County, Rhode Island",,1362,245,,63,,128,,130,,80,,0,,17,,1128,106,9,34577,1362,1164,277,486,334,59,8,1164,327,837,3308,2048,559,17,15,298,2231,753,157,38,39,44,7,16700,,,,,82.81938325991189,7.782672540381791,23.797250859106526,320.21660649819495,71.90721649484536,28.09278350515464,61.9105199516324,38.08948004836759,2015
25,"Census Tract 175, Providence County, Rhode Island",,1690,132,,219,,129,,126,,91,,23,,10,,1596,33,61,49104,1728,1408,157,547,538,125,41,1408,688,720,3299,2847,73,9,135,196,3014,163,38,180,0,44,7,17500,,,,,92.36111111111111,1.9097222222222223,11.150568181818182,796.8152866242038,51.13636363636363,48.86363636363637,86.29887844801455,13.701121551985452,2015
26,"Census Tract 29, Providence County, Rhode Island",,2949,325,,343,,572,,45,,108,,95,,22,,2637,102,88,41776,3030,2723,409,1152,818,209,135,2723,1308,1415,6785,3170,1996,0,1,562,3390,2478,29,15,317,44,7,2900,,,,,87.02970297029702,3.3663366336633667,15.020198310686741,565.7701711491443,51.96474476680132,48.035255233198676,46.720707442888724,53.279292557111276,2015
27,"Census Tract 11, Providence County, Rhode Island",,1310,133,,205,,148,,165,,108,,72,,70,,860,105,0,42083,1374,1048,285,452,252,21,38,1048,249,799,2372,1752,98,0,123,70,1789,165,29,123,0,44,7,1100,,,,,62.59097525473072,7.641921397379912,27.19465648854962,267.719298245614,76.24045801526718,23.759541984732824,73.86172006745363,26.138279932546375,2015
28,"Census Tract 131.02, Providence County, Rhode Island",84965.0,2868,496,15290.0,378,10760.0,273,6965.0,83,1565.0,262,4660.0,80,1825.0,0,-666666666.0,2831,31,6,84713,2960,1880,32,348,967,353,180,1880,1785,95,5095,4999,9,0,20,48,5036,20,12,45,0,44,7,13102,29.625174337517432,29.805491990846683,23.96067415730337,18.961988304093566,95.6418918918919,1.0472972972972974,1.702127659574468,5775.0,5.053191489361701,94.9468085106383,98.11579980372915,1.8842001962708539,2015
29,"Census Tract 104, Providence County, Rhode Island",73770.0,3118,311,13910.0,439,6240.0,285,5455.0,170,3025.0,245,3955.0,32,385.0,47,840.0,2732,311,56,49895,3118,2725,318,1309,877,211,10,2725,1108,1617,6703,5210,578,11,28,649,5406,1104,132,45,0,44,7,10400,23.659397049390634,26.866666666666667,18.63736263736264,15.667870036101084,87.62026940346375,9.974342527261065,11.669724770642203,756.9182389937107,59.33944954128441,40.66055045871559,77.72639116813367,22.27360883186633,2015
30,"Census Tract 105.02, Providence County, Rhode Island",,2192,304,,517,,252,,191,,135,,66,,12,,2103,13,20,51568,2192,2124,229,920,808,167,0,2124,1088,1036,5019,3786,454,0,553,196,3945,491,5,707,0,44,7,10502,,,,,95.9397810218978,0.5930656934306568,10.781544256120528,827.5109170305677,48.7758945386064,51.2241054613936,75.43335325762104,24.566646742378957,2015
31,"Census Tract 107.01, Providence County, Rhode Island",,1012,162,,194,,88,,71,,70,,33,,0,,1004,0,8,59583,1056,916,35,395,347,93,46,916,688,228,2247,2189,36,22,0,0,2189,36,22,0,0,44,7,10701,,,,,95.07575757575758,0.0,3.820960698689956,2517.142857142857,24.890829694323145,75.10917030567686,97.41878059635069,2.58121940364931,2015
32,"Census Tract 128.02, Providence County, Rhode Island",,1187,166,,138,,173,,99,,48,,38,,21,,1146,14,27,69712,1218,923,44,290,376,160,53,923,665,258,2334,2279,13,6,31,5,2284,18,6,31,0,44,7,12802,,,,,94.08866995073892,1.1494252873563218,4.7670639219935,1997.7272727272727,27.952329360780066,72.04767063921993,97.64353041988004,2.356469580119966,2015
33,"Census Tract 132.01, Providence County, Rhode Island",,2429,474,,240,,419,,81,,182,,90,,27,,2362,0,11,76673,2472,1861,38,595,647,365,216,1861,1524,337,4710,4644,2,23,0,41,4685,2,41,0,0,44,7,13201,,,,,95.55016181229773,0.0,2.0419129500268673,4797.368421052632,18.108543793659322,81.89145620634068,98.59872611464968,1.4012738853503186,2015
34,"Census Tract 1.01, Providence County, Rhode Island",,1898,219,,243,,113,,91,,170,,120,,20,,1330,178,43,33460,1979,1159,169,453,330,151,56,1159,548,611,5102,2426,647,10,427,362,2637,872,124,493,62,44,7,101,,,,,67.20565942395149,8.994441637190501,14.581535806729939,585.7988165680473,52.717860224331325,47.28213977566868,47.5499803998432,52.45001960015681,2015
35,"Census Tract 16, Providence County, Rhode Island",,3274,408,,229,,705,,106,,578,,59,,88,,2647,360,209,36675,3317,2660,385,1396,601,175,103,2660,826,1834,8705,2454,1041,270,356,65,2482,1042,292,385,23,44,7,1600,,,,,79.80102502261079,10.853180584865843,14.473684210526317,590.9090909090909,68.94736842105263,31.05263157894737,28.190695002871912,71.80930499712808,2015
36,"Census Tract 22, Providence County, Rhode Island",40465.0,2005,188,2935.0,178,3310.0,163,3405.0,61,755.0,237,5615.0,154,840.0,0,-666666666.0,1692,218,15,33472,2066,1519,254,647,437,108,73,1519,399,1120,4939,2110,1241,39,423,406,2516,1560,167,432,0,44,7,2200,20.18204488778055,17.062841530054644,18.571428571428573,16.508951406649615,81.8973862536302,10.551790900290415,16.721527320605663,498.0314960629921,73.73271889400922,26.26728110599078,42.72119862320308,57.27880137679692,2015
37,"Census Tract 5, Providence County, Rhode Island",,871,259,,64,,76,,131,,33,,29,,0,,561,241,12,24523,900,1057,262,487,242,66,0,1057,346,711,2968,606,1159,135,289,205,748,1283,192,322,0,44,7,500,,,,,62.33333333333333,26.77777777777778,24.78713339640492,303.43511450381675,67.2658467360454,32.73415326395459,20.4177897574124,79.5822102425876,2015
38,"Census Tract 9, Providence County, Rhode Island",,1224,87,,96,,149,,70,,232,,84,,60,,717,163,0,26079,1305,1077,415,415,208,28,11,1077,166,911,2473,1780,181,10,171,75,1843,242,17,182,0,44,7,900,,,,,54.94252873563218,12.490421455938696,38.53296193129062,159.51807228915663,84.58681522748375,15.41318477251625,71.97735543873837,28.02264456126163,2015
39,"Census Tract 25, Providence County, Rhode Island",44365.0,1632,111,2580.0,234,4960.0,348,9385.0,74,785.0,189,2015.0,171,5085.0,46,1280.0,1241,175,16,58304,1686,1289,205,593,383,108,0,1289,171,1118,3039,1470,559,10,485,203,1553,762,130,485,0,44,7,2500,27.184436274509803,21.855072463768117,24.099526066350712,19.72222222222222,73.6061684460261,10.379596678529063,15.90380139643134,528.780487804878,86.73390224980605,13.266097750193948,48.37117472852912,51.62882527147088,2015
40,"Census Tract 31, Providence County, Rhode Island",,1833,261,,125,,305,,115,,466,,56,,39,,1137,203,0,23972,1936,2079,748,865,439,27,0,2079,512,1567,4292,2476,760,21,388,67,2513,813,74,402,0,44,7,3100,,,,,58.72933884297521,10.485537190082644,35.978835978835974,177.94117647058823,75.37277537277537,24.627224627224628,57.688723205964585,42.311276794035415,2015
41,"Census Tract 33, Providence County, Rhode Island",,2268,254,,318,,393,,269,,276,,63,,38,,1872,264,19,77257,2461,1883,46,1008,740,75,14,1883,1117,766,4356,3378,356,14,447,86,3459,373,34,505,55,44,7,3300,,,,,76.06663957740756,10.727346607070297,2.4429102496016992,3993.478260869565,40.67976633032395,59.32023366967605,77.54820936639119,22.451790633608816,2015
42,"Census Tract 35, Providence County, Rhode Island",65220.0,2787,347,5605.0,293,10245.0,709,15040.0,230,6250.0,510,12405.0,219,3205.0,57,695.0,1940,231,0,50875,2963,2283,268,1092,704,166,53,2283,669,1614,5151,4171,74,0,709,197,4311,168,0,842,0,44,7,3500,23.40150699677072,24.765625,22.673056443024493,21.412894375857338,65.47418157273034,7.796152548093149,11.738939991239597,751.8656716417911,70.69645203679369,29.303547963206306,80.9745680450398,19.0254319549602,2015
43,"Census Tract 36.01, Providence County, Rhode Island",,1356,46,,103,,286,,153,,194,,49,,30,,464,76,0,39188,1405,829,212,298,270,29,20,829,193,636,2797,2085,95,0,450,80,2157,103,4,526,63,44,7,3601,,,,,33.02491103202847,5.409252669039146,25.5729794933655,291.0377358490566,76.7189384800965,23.2810615199035,74.54415445119771,25.455845548802287,2015
44,"Census Tract 37, Providence County, Rhode Island",,1711,70,,120,,192,,275,,339,,25,,61,,830,141,26,44427,1804,1719,445,953,218,95,8,1719,579,1140,3499,2879,85,33,241,68,2892,146,46,248,0,44,7,3700,,,,,46.008869179600886,7.815964523281596,25.88714368819081,286.29213483146066,66.3176265270506,33.682373472949386,82.28065161474707,17.71934838525293,2015
45,"Census Tract 101.01, Providence County, Rhode Island",,2133,207,,391,,260,,138,,137,,58,,0,,2064,27,23,71544,2149,1624,55,567,740,201,61,1624,1118,506,4056,3682,143,0,37,157,3814,272,67,40,0,44,7,10101,,,,,96.04467194043741,1.2563983248022337,3.386699507389163,2852.7272727272725,31.157635467980292,68.8423645320197,90.77909270216963,9.220907297830374,2015
46,"Census Tract 101.02, Providence County, Rhode Island",,1720,313,,455,,257,,187,,41,,40,,0,,1669,23,19,56620,1785,1627,154,589,659,175,50,1627,1038,589,3665,3358,84,0,104,79,3427,116,26,125,0,44,7,10102,,,,,93.50140056022408,1.2885154061624648,9.465273509526737,956.4935064935065,36.20159803318992,63.79840196681008,91.62346521145976,8.376534788540244,2015
47,"Census Tract 106, Providence County, Rhode Island",,2871,531,,230,,309,,229,,173,,85,,0,,2729,59,0,46101,2949,2854,268,1124,1105,278,79,2854,1606,1248,6014,5903,17,0,61,33,5936,17,18,61,0,44,7,10600,,,,,92.53984401492032,2.0006781959986437,9.390329362298528,964.9253731343284,43.7281009110021,56.2718990889979,98.15430661789158,1.8456933821084136,2015
48,"Census Tract 112, Providence County, Rhode Island",,3040,483,,333,,241,,194,,66,,42,,0,,2778,156,55,47317,3168,2461,341,929,868,252,71,2461,1331,1130,5859,5093,192,0,152,113,5206,305,0,152,0,44,7,11200,,,,,87.68939393939394,4.924242424242424,13.856156034132466,621.7008797653958,45.91629418935392,54.08370581064608,86.92609660351596,13.07390339648404,2015
49,"Census Tract 116, Providence County, Rhode Island",,2554,456,,401,,469,,293,,137,,12,,0,,2462,59,33,88560,2615,2051,89,667,729,329,237,2051,1790,261,5486,5004,1,13,81,180,5184,2,112,161,0,44,7,11600,,,,,94.1491395793499,2.2562141491395793,4.339346660165773,2204.494382022472,12.725499756216479,87.27450024378352,91.2139992708713,8.786000729128691,2015
50,"Census Tract 120, Providence County, Rhode Island",,2981,558,,558,,324,,203,,91,,173,,27,,2719,167,17,64360,3175,2500,221,986,1011,225,57,2500,1627,873,5808,5228,94,24,166,253,5481,151,64,322,0,44,7,12000,,,,,85.63779527559056,5.25984251968504,8.84,1031.2217194570137,34.92,65.08,90.0137741046832,9.986225895316805,2015
51,"Census Tract 127.02, Providence County, Rhode Island",,2141,282,,350,,356,,96,,77,,78,,9,,2103,17,8,68656,2177,1859,115,561,839,205,139,1859,1482,377,4701,4491,92,0,50,58,4545,119,5,65,0,44,7,12702,,,,,96.60082682590722,0.7808911345888837,6.1861215707369555,1516.5217391304348,20.27972027972028,79.72027972027972,95.53286534779835,4.467134652201659,2015
52,"Census Tract 128.03, Providence County, Rhode Island",,2448,341,,125,,424,,191,,224,,41,,6,,2374,18,35,92306,2637,1683,26,366,719,386,186,1683,1465,218,4857,4757,21,0,44,35,4779,21,0,79,0,44,7,12803,,,,,90.02654531664771,0.6825938566552902,1.5448603683897801,6373.076923076924,12.95306001188354,87.04693998811646,97.94111591517397,2.0588840848260244,2015
53,"Census Tract 134, Providence County, Rhode Island",44800.0,1888,255,7795.0,363,6195.0,258,4715.0,192,3205.0,198,4485.0,49,1045.0,35,440.0,1643,134,63,67540,1977,1693,160,716,619,147,51,1693,985,708,3981,3448,182,0,31,202,3616,244,26,41,0,44,7,13400,23.728813559322035,22.637540453074433,17.6,22.388663967611336,83.10571573090542,6.777946383409206,9.450679267572356,958.1250000000001,41.81925575900768,58.18074424099232,86.61140416980658,13.38859583019342,2015
54,"Census Tract 141, Providence County, Rhode Island",,1922,228,,232,,203,,127,,165,,91,,0,,1811,57,0,36032,1984,1927,346,750,679,117,35,1927,765,1162,5350,3280,622,68,903,30,3310,648,72,903,0,44,7,14100,,,,,91.28024193548387,2.872983870967742,17.955371043072134,456.93641618497105,60.30098598858329,39.69901401141671,61.308411214953274,38.691588785046726,2015
55,"Census Tract 145.02, Providence County, Rhode Island",,1937,345,,296,,208,,76,,172,,16,,29,,1873,39,3,55765,2012,1874,162,660,819,156,77,1874,1087,787,4529,4296,81,148,0,4,4300,81,152,0,0,44,7,14502,,,,,93.09145129224652,1.9383697813121274,8.64461045891142,1056.7901234567903,41.9957310565635,58.0042689434365,94.85537646279532,5.144623537204681,2015
56,"Census Tract 161, Providence County, Rhode Island",,1982,309,,104,,139,,27,,148,,63,,17,,1761,81,28,31236,2025,1755,383,784,420,151,17,1755,367,1388,4884,2145,1411,6,215,213,2290,1568,25,215,30,44,7,16100,,,,,86.96296296296296,4.0,21.82336182336182,358.22454308093995,79.0883190883191,20.91168091168091,43.91891891891892,56.08108108108109,2015
57,"Census Tract 165, Providence County, Rhode Island",,1923,341,,262,,254,,167,,73,,57,,7,,1797,75,9,56131,1964,1676,199,720,611,113,33,1676,836,840,3574,2573,383,0,155,233,2730,512,68,200,0,44,7,16500,,,,,91.4969450101833,3.818737270875764,11.873508353221956,742.2110552763819,50.11933174224343,49.88066825775656,71.99216564073868,28.00783435926133,2015
58,"Census Tract 173, Providence County, Rhode Island",,1453,235,,136,,60,,81,,100,,16,,13,,1391,0,44,50000,1602,1318,107,526,341,271,73,1318,720,598,3285,2845,169,0,140,60,2905,169,7,187,0,44,7,17300,,,,,86.82896379525593,0.0,8.118361153262518,1131.7757009345794,45.371775417298934,54.62822458270106,86.60578386605783,13.39421613394216,2015
59,"Census Tract 185, Providence County, Rhode Island",,1248,164,,170,,69,,25,,90,,63,,20,,1109,1,114,50956,1270,1060,43,380,401,220,16,1060,661,399,2882,2575,19,0,263,8,2583,19,8,263,0,44,7,18500,,,,,87.32283464566929,0.07874015748031496,4.056603773584905,2365.1162790697676,37.64150943396227,62.35849056603774,89.34767522553783,10.65232477446218,2015
60,"Census Tract 4, Providence County, Rhode Island",,1412,137,,112,,184,,66,,138,,24,,9,,1026,128,119,24697,1443,1148,282,458,235,82,91,1148,309,839,3718,997,1368,32,62,181,1045,1549,85,70,0,44,7,400,,,,,71.10187110187111,8.87040887040887,24.56445993031359,307.0921985815603,73.08362369337979,26.91637630662021,26.81549220010758,73.18450779989242,2015
61,"Census Tract 10, Providence County, Rhode Island",,1233,83,,158,,113,,114,,137,,74,,17,,840,215,30,25778,1249,1143,428,433,232,50,0,1143,133,1010,2403,1323,423,0,34,54,1377,460,0,51,0,44,7,1000,,,,,67.25380304243394,17.21377101681345,37.44531933508311,167.05607476635512,88.36395450568679,11.63604549431321,55.0561797752809,44.9438202247191,2015
62,"Census Tract 24, Providence County, Rhode Island",59010.0,3343,446,10295.0,210,4450.0,509,7100.0,242,3060.0,320,5725.0,229,4345.0,17,175.0,2638,132,5,71731,3471,2098,57,916,844,242,39,2098,1630,468,7192,6014,378,175,192,81,6083,411,206,211,6,44,7,2400,17.651809751720013,22.477134146341463,13.528628495339547,18.342440801457194,76.00115240564679,3.8029386343993083,2.7168732125834127,3580.701754385965,22.3069590085796,77.6930409914204,83.62068965517241,16.379310344827587,2015
63,"Census Tract 32, Providence County, Rhode Island",,1871,206,,296,,320,,189,,219,,113,,8,,1473,204,60,79406,1947,1391,121,661,503,80,26,1391,760,631,3242,2323,425,9,168,107,2369,486,9,214,4,44,7,3200,,,,,75.65485362095532,10.477657935285054,8.698777857656362,1049.586776859504,45.363048166786484,54.63695183321352,71.6533004318322,28.3466995681678,2015
64,"Census Tract 136, Providence County, Rhode Island",,1428,212,,149,,136,,40,,144,,44,,7,,1306,18,0,57616,1481,1140,105,371,438,160,66,1140,764,376,2777,2220,268,0,118,51,2271,319,9,127,0,44,7,13600,,,,,88.18365968939905,1.2153950033760972,9.210526315789473,985.7142857142858,32.98245614035088,67.01754385964912,79.94238386748289,20.057616132517104,2015
65,"Census Tract 124.02, Providence County, Rhode Island",,1325,222,,197,,119,,87,,156,,37,,0,,1325,0,0,58576,1368,1048,36,459,398,94,61,1048,800,248,2543,2289,17,0,109,48,2337,51,14,109,0,44,7,12402,,,,,96.85672514619883,0.0,3.435114503816794,2811.111111111111,23.66412213740458,76.33587786259542,90.01179709005112,9.988202909948878,2015
66,"Census Tract 133, Providence County, Rhode Island",87145.0,2446,440,17750.0,195,5830.0,240,9145.0,115,2925.0,126,3225.0,88,3210.0,52,1330.0,2423,15,0,79909,2520,1695,20,358,723,389,205,1695,1402,293,4671,4453,28,0,6,184,4637,128,161,6,0,44,7,13300,35.62755519215045,37.13385826771653,34.0,30.070093457943926,96.15079365079366,0.5952380952380952,1.1799410029498525,8375.0,17.28613569321534,82.71386430678466,95.33290515949476,4.6670948405052455,2015
67,"Census Tract 148, Providence County, Rhode Island",,2607,488,,302,,509,,175,,174,,45,,3,,2508,37,13,43721,2629,2275,60,1069,757,354,35,2275,1507,768,5389,4782,85,0,224,246,5028,150,65,398,0,44,7,14800,,,,,95.39748953974896,1.407379231647014,2.6373626373626373,3691.6666666666665,33.75824175824176,66.24175824175825,88.73631471516052,11.263685284839488,2015
68,"Census Tract 17, Providence County, Rhode Island",,1132,235,,150,,154,,0,,74,,61,,0,,988,69,66,25536,1179,1192,161,655,365,7,4,1192,479,713,3076,1401,147,0,226,20,1412,158,9,226,0,44,7,1700,,,,,83.79983036471586,5.852417302798982,13.506711409395974,640.3726708074533,59.81543624161074,40.18456375838927,45.546163849154745,54.453836150845255,2015
69,"Census Tract 18, Providence County, Rhode Island",,2170,70,,172,,402,,87,,388,,8,,33,,1869,134,167,27361,2242,2107,434,921,593,120,39,2107,886,1221,6249,2644,835,0,282,255,2765,969,108,282,0,44,7,1800,,,,,83.36306868867082,5.976806422836753,20.59800664451827,385.48387096774195,57.949691504508785,42.050308495491215,42.31076972315571,57.68923027684429,2015
70,"Census Tract 19, Providence County, Rhode Island",40875.0,1828,123,1900.0,169,3390.0,285,5385.0,92,1930.0,156,5260.0,204,3675.0,57,775.0,1586,118,13,23173,1898,1866,456,964,327,36,83,1866,388,1478,5268,2201,816,67,229,258,2365,1029,154,241,9,44,7,1900,22.36050328227571,18.116438356164384,19.40318302387268,24.819444444444443,83.56164383561644,6.217070600632244,24.437299035369776,309.2105263157895,79.20685959271168,20.79314040728832,41.78056188306758,58.21943811693242,2015
71,"Census Tract 20, Providence County, Rhode Island",69260.0,2720,367,10390.0,83,1605.0,311,7055.0,135,2605.0,113,2445.0,233,8265.0,160,2095.0,2176,297,50,34485,2859,2124,516,923,515,122,48,2124,708,1416,7225,3928,979,304,151,462,4136,1269,458,165,75,44,7,2000,25.46323529411765,26.655555555555555,21.659192825112108,30.953757225433527,76.11052815669814,10.388247639034628,24.293785310734464,311.6279069767442,66.66666666666666,33.33333333333333,54.36678200692041,45.63321799307958,2015
72,"Census Tract 21.01, Providence County, Rhode Island",,1482,173,,153,,246,,56,,169,,49,,10,,1436,38,0,50882,1486,938,47,365,390,133,3,938,503,435,2976,1554,607,0,20,104,1618,675,31,56,0,44,7,2101,,,,,96.63526244952894,2.557200538358008,5.0106609808102345,1895.744680851064,46.375266524520256,53.624733475479744,52.21774193548387,47.78225806451613,2015
73,"Census Tract 21.02, Providence County, Rhode Island",,2252,234,,158,,270,,80,,305,,6,,11,,2010,157,75,47649,2460,1793,273,700,738,67,15,1793,722,1071,5563,2195,1618,44,66,330,2511,1924,58,81,0,44,7,2102,,,,,81.70731707317073,6.382113821138212,15.225878416062466,556.7765567765567,59.73229224762967,40.26770775237033,39.45712744921805,60.54287255078196,2015
74,"Census Tract 119.01, Providence County, Rhode Island",,1568,116,,286,,275,,60,,138,,38,,50,,1536,32,0,50938,1568,1264,116,396,552,125,75,1264,785,479,3366,2671,480,0,57,29,2700,485,0,81,0,44,7,11901,,,,,97.95918367346938,2.0408163265306123,9.177215189873419,989.655172413793,37.89556962025317,62.10443037974683,79.35234699940582,20.647653000594175,2015
75,"Census Tract 119.02, Providence County, Rhode Island",,2269,311,,507,,317,,146,,47,,91,,85,,2228,0,25,57411,2285,2368,142,1053,861,209,103,2368,1683,685,4822,4356,82,27,187,0,4356,82,27,187,0,44,7,11902,,,,,97.50547045951859,0.0,5.996621621621621,1567.605633802817,28.927364864864863,71.07263513513513,90.33596018249689,9.66403981750311,2015
76,"Census Tract 121.03, Providence County, Rhode Island",,1435,179,,162,,205,,112,,104,,12,,0,,1375,37,13,46506,1450,1552,227,824,398,51,52,1552,438,1114,3007,2695,83,6,145,73,2743,125,12,170,0,44,7,12103,,,,,94.82758620689656,2.5517241379310347,14.626288659793815,583.7004405286343,71.77835051546391,28.221649484536083,89.6242101762554,10.375789823744595,2015
77,"Census Tract 121.04, Providence County, Rhode Island",,2126,323,,248,,343,,324,,75,,7,,0,,2066,30,12,42188,2206,1993,156,888,746,188,15,1993,1007,986,4449,3961,305,20,119,12,3973,305,27,119,0,44,7,12104,,,,,93.65367180417044,1.3599274705349047,7.827395885599599,1177.5641025641025,49.47315604616156,50.52684395383843,89.03124297594965,10.96875702405035,2015
78,"Census Tract 27, Providence County, Rhode Island",39820.0,1765,225,6545.0,199,4580.0,171,2750.0,83,1165.0,69,1340.0,61,1405.0,0,-666666666.0,1230,215,31,28958,1943,1508,354,582,473,81,18,1508,352,1156,5744,2904,1060,64,130,452,3257,1279,271,145,8,44,7,2700,22.560906515580736,26.23820754716981,15.413385826771654,21.115384615384617,63.30416881111683,11.065362840967575,23.47480106100796,325.98870056497174,76.657824933687,23.342175066312997,50.55710306406686,49.44289693593314,2015
79,"Census Tract 109, Providence County, Rhode Island",,1965,236,,67,,195,,23,,87,,120,,45,,1745,126,35,29707,1983,1446,275,631,325,88,127,1446,415,1031,4772,2930,759,32,0,199,3100,806,117,29,0,44,7,10900,,,,,87.99798285426122,6.354009077155824,19.017980636237898,425.81818181818176,71.30013831258644,28.699861687413552,61.39983235540654,38.60016764459346,2015
80,"Census Tract 111, Providence County, Rhode Island",,1804,236,,60,,82,,5,,30,,86,,23,,1571,0,107,32841,1836,1418,282,600,342,145,49,1418,427,991,4453,2102,1278,0,0,144,2246,1368,21,0,21,44,7,11100,,,,,85.56644880174292,0.0,19.88716502115656,402.8368794326241,69.88716502115656,30.112834978843438,47.20413204581181,52.79586795418819,2015
81,"Census Tract 122, Providence County, Rhode Island",,4276,727,,627,,548,,355,,263,,51,,22,,4117,53,71,97050,4413,2660,127,547,1081,646,259,2660,2125,535,7697,6745,294,160,252,187,6932,413,190,290,0,44,7,12200,,,,,93.2925447541355,1.2009970541581692,4.774436090225564,1994.4881889763778,20.112781954887218,79.88721804511279,87.6315447576978,12.368455242302195,2015
82,"Census Tract 126.02, Providence County, Rhode Island",,3503,702,,529,,484,,233,,278,,12,,60,,3375,13,49,67465,3581,2920,113,1011,1173,392,231,2920,2179,741,7371,7122,9,10,166,48,7158,45,22,166,12,44,7,12602,,,,,94.2474169226473,0.36302708740575257,3.8698630136986303,2484.070796460177,25.376712328767127,74.62328767123287,96.62189662189662,3.3781033781033782,2015
83,"Census Tract 147, Providence County, Rhode Island",,2793,525,,289,,274,,56,,121,,217,,31,,2529,175,21,32926,2852,2959,420,1462,858,158,61,2959,1250,1709,7059,5145,505,90,154,406,5284,822,90,180,38,44,7,14700,,,,,88.67461430575035,6.1360448807854135,14.193984454207504,604.5238095238095,57.755998648191955,42.244001351808045,72.88567785805354,27.114322141946452,2015
84,"Census Tract 150, Providence County, Rhode Island",,2013,305,,199,,126,,224,,64,,9,,4,,1786,112,0,46121,2019,1570,119,570,646,199,36,1570,842,728,4437,2953,950,0,23,241,3194,1119,62,33,0,44,7,15000,,,,,88.45963348192174,5.54730064388311,7.579617834394904,1219.3277310924368,46.36942675159236,53.63057324840764,66.55397791300427,33.44602208699572,2015
85,"Census Tract 156, Providence County, Rhode Island",,1283,119,,177,,113,,32,,101,,8,,26,,1220,48,0,44200,1295,970,150,404,273,97,46,970,399,571,2425,1868,162,0,64,112,1961,223,51,83,0,44,7,15600,,,,,94.20849420849422,3.7065637065637063,15.463917525773196,546.6666666666666,58.8659793814433,41.1340206185567,77.03092783505154,22.969072164948454,2015
86,"Census Tract 164, Providence County, Rhode Island",,1964,291,,173,,160,,59,,101,,39,,38,,1721,141,55,34241,1997,1723,344,821,395,123,40,1723,518,1205,4716,1927,1547,0,81,238,2116,1718,82,81,0,44,7,16400,,,,,86.17926890335504,7.060590886329495,19.96517701683111,400.8720930232558,69.93615786419036,30.063842135809633,40.86089906700593,59.13910093299406,2015
87,"Census Tract 166, Providence County, Rhode Island",,844,148,,52,,79,,74,,88,,46,,0,,712,66,44,40234,850,672,87,368,173,32,12,672,221,451,1782,1105,431,10,19,67,1166,437,28,19,0,44,7,16600,,,,,83.76470588235294,7.764705882352942,12.946428571428573,672.4137931034483,67.11309523809523,32.88690476190476,62.008978675645345,37.991021324354655,2015
88,"Census Tract 178, Providence County, Rhode Island",,1002,70,,107,,62,,28,,48,,98,,22,,866,10,54,31786,1013,1040,246,322,369,69,34,1040,371,669,2687,2172,251,0,186,39,2211,290,0,186,0,44,7,17800,,,,,85.48864758144127,0.9871668311944718,23.653846153846153,322.7642276422764,64.32692307692308,35.67307692307693,80.83364346855228,19.16635653144771,2015
89,"Census Tract 179, Providence County, Rhode Island",,1140,112,,118,,60,,27,,5,,28,,32,,845,6,119,20980,1173,1323,472,573,217,38,23,1323,102,1221,3006,2670,224,9,0,75,2745,277,9,0,0,44,7,17900,,,,,72.03751065643648,0.5115089514066496,35.67649281934997,180.29661016949152,92.29024943310658,7.709750566893423,88.82235528942117,11.177644710578843,2015
90,"Census Tract 182, Providence County, Rhode Island",,1403,144,,100,,195,,24,,98,,82,,14,,1219,8,31,45655,1417,1116,188,498,308,80,42,1116,330,786,2689,1807,385,0,380,62,1850,428,0,410,0,44,7,18200,,,,,86.02681721947776,0.5645730416372619,16.845878136200717,493.6170212765957,70.43010752688173,29.56989247311828,67.19970249163258,32.80029750836742,2015
91,"Census Tract 114.03, Providence County, Rhode Island",,3516,390,,329,,333,,325,,242,,152,,9,,3376,59,81,76004,3627,2902,140,896,1317,357,192,2902,2202,700,7492,7178,0,0,155,95,7273,0,11,239,0,44,7,11403,,,,,93.07968017645437,1.626688723462917,4.824259131633356,1972.8571428571427,24.12129565816678,75.87870434183321,95.80886278697277,4.191137213027229,2015
92,"Census Tract 103, Providence County, Rhode Island",,1678,282,,173,,281,,129,,47,,67,,37,,1607,41,18,36288,1692,1744,295,736,423,241,49,1744,1066,678,3875,2795,366,4,93,349,3125,457,28,112,156,44,7,10300,,,,,94.97635933806147,2.4231678486997636,16.915137614678898,491.1864406779661,38.87614678899082,61.12385321100917,72.12903225806451,27.87096774193548,2015
93,"Census Tract 114.02, Providence County, Rhode Island",,2002,353,,411,,333,,56,,105,,22,,0,,1937,50,7,101800,2077,1540,136,190,841,283,90,1540,1378,162,4349,4258,4,8,53,26,4284,4,8,79,0,44,7,11402,,,,,93.25950890707752,2.407318247472316,8.831168831168831,1032.3529411764707,10.519480519480519,89.48051948051948,97.90756495746149,2.0924350425385145,2015
94,"Census Tract 121.02, Providence County, Rhode Island",,2256,345,,230,,272,,102,,130,,40,,8,,2188,48,9,50941,2344,1928,215,752,689,103,169,1928,1206,722,4549,3964,247,51,218,40,3999,278,51,227,0,44,7,12102,,,,,93.34470989761093,2.04778156996587,11.151452282157678,796.7441860465116,37.448132780082986,62.551867219917014,87.14003077599473,12.859969224005278,2015
95,"Census Tract 129, Providence County, Rhode Island",,2112,489,,183,,55,,100,,99,,52,,0,,1904,25,19,45368,2135,2097,149,936,751,217,44,2097,1029,1068,5190,4981,20,0,22,122,5100,60,40,64,0,44,7,12900,,,,,89.18032786885246,1.1709601873536302,7.105388650453028,1307.3825503355704,50.92989985693849,49.07010014306152,95.97302504816956,4.026974951830444,2015
96,"Census Tract 135, Providence County, Rhode Island",51755.0,2308,230,5750.0,305,5710.0,223,3135.0,127,1650.0,182,3530.0,168,3125.0,53,855.0,1923,172,48,55179,2405,1771,90,833,630,158,60,1771,951,820,4844,3757,354,8,61,124,3828,459,45,70,0,44,7,13500,22.42417677642981,21.42056074766355,13.67142857142857,19.014285714285716,79.95841995841995,7.151767151767152,5.081874647092039,1867.7777777777778,46.30152456239413,53.69847543760587,77.55986787778694,22.440132122213047,2015
97,"Census Tract 137.02, Providence County, Rhode Island",,1394,186,,218,,228,,49,,149,,45,,58,,1292,34,0,57305,1394,1029,18,467,387,127,30,1029,642,387,2694,2002,57,0,447,68,2026,101,24,500,26,44,7,13702,,,,,92.6829268292683,2.4390243902439024,1.749271137026239,5616.666666666666,37.60932944606414,62.390670553935855,74.31328878990348,25.68671121009651,2015
98,"Census Tract 143, Providence County, Rhode Island",,2542,361,,348,,400,,103,,138,,179,,44,,2484,58,0,68678,2542,2099,89,813,821,281,95,2099,1431,668,4938,4119,174,0,167,318,4437,252,0,407,0,44,7,14300,,,,,97.7183320220299,2.2816679779701023,4.240114340161981,2258.4269662921347,31.82467841829443,68.17532158170557,83.41433778857838,16.585662211421628,2015
99,"Census Tract 15, Providence County, Rhode Island",,1206,150,,130,,211,,105,,86,,0,,25,,1095,52,16,48517,1250,969,98,492,262,106,11,969,513,456,2934,1394,480,3,515,209,1603,494,3,533,25,44,7,1500,,,,,87.6,4.16,10.113519091847266,888.7755102040817,47.05882352941176,52.94117647058824,47.51192910702113,52.48807089297887,2015
100,"Census Tract 113.01, Providence County, Rhode Island",54785.0,2362,349,8735.0,359,8965.0,198,3495.0,141,1910.0,232,4275.0,50,700.0,0,-666666666.0,2273,7,45,67500,2396,1846,91,671,812,147,125,1846,1234,612,4425,4302,33,16,0,0,4302,33,16,0,0,44,7,11301,23.19432684165961,25.0,15.943952802359883,17.641843971631207,94.86644407345575,0.2921535893155259,4.929577464788732,1928.5714285714284,33.15276273022752,66.84723726977249,97.22033898305085,2.7796610169491522,2015
101,"Census Tract 114.01, Providence County, Rhode Island",119035.0,4042,911,32540.0,461,11195.0,653,15760.0,305,6940.0,371,5200.0,77,2955.0,0,-666666666.0,3765,192,76,80898,4176,3237,309,1110,1252,433,133,3237,2384,853,7726,7309,17,0,284,116,7363,50,5,362,0,44,7,11401,29.449529935675407,31.876822157434404,23.695198329853863,18.203125,90.1580459770115,4.597701149425287,9.545875810936053,947.5728155339805,26.35156008649985,73.64843991350016,94.60264043489516,5.397359565104841,2015
102,"Census Tract 118, Providence County, Rhode Island",,3303,432,,362,,306,,310,,242,,37,,106,,3136,94,41,45156,3393,2672,187,1178,901,252,154,2672,1857,815,6290,4491,1108,0,287,192,4582,1168,0,403,0,44,7,11800,,,,,92.4255820807545,2.770409666961391,6.998502994011976,1328.8770053475937,30.501497005988025,69.49850299401199,71.39904610492846,28.60095389507154,2015
103,"Census Tract 8, Providence County, Rhode Island",41565.0,1827,79,2870.0,170,2700.0,200,3910.0,265,2675.0,106,985.0,76,980.0,73,685.0,703,222,108,18352,2042,1758,837,779,120,15,7,1758,145,1613,4236,2438,492,101,872,149,2553,570,146,923,12,44,7,800,22.750410509031198,22.369477911646587,14.161290322580646,10.796703296703297,34.42703232125368,10.871694417238002,47.610921501706486,110.03584229390681,91.75199089874859,8.248009101251421,57.55429650613787,42.44570349386213,2015
104,"Census Tract 34, Providence County, Rhode Island",,2292,273,,300,,552,,293,,358,,96,,0,,1847,90,17,133438,2626,1997,47,719,999,209,23,1997,1476,521,5046,4675,75,0,236,46,4721,106,14,236,0,44,7,3400,,,,,70.33511043412034,3.427265803503427,2.3535302954431647,4148.936170212766,26.089133700550825,73.91086629944917,92.64764169639318,7.352358303606818,2015
105,"Census Tract 105.01, Providence County, Rhode Island",,1710,195,,208,,209,,126,,142,,83,,56,,1682,20,0,41440,1730,1773,216,772,536,206,43,1773,1049,724,4368,3267,434,20,34,231,3483,559,107,44,0,44,7,10501,,,,,97.22543352601156,1.1560693641618496,12.18274111675127,720.8333333333333,40.834743372814444,59.165256627185556,74.79395604395604,25.206043956043956,2015
106,"Census Tract 110, Providence County, Rhode Island",66640.0,2151,180,3670.0,178,3815.0,103,2545.0,52,1800.0,103,3380.0,64,1295.0,57,1590.0,1812,129,92,29290,2189,1870,410,979,334,108,39,1870,361,1509,5443,2813,1034,38,0,247,2934,1103,209,0,0,44,7,11000,30.98093909809391,20.907821229050278,28.032258064516128,27.994011976047904,82.77752398355413,5.8931018730013704,21.92513368983957,356.0975609756098,80.69518716577541,19.3048128342246,51.681058239941216,48.31894176005879,2015
107,"Census Tract 117.02, Providence County, Rhode Island",45080.0,2149,315,7645.0,271,5985.0,375,5600.0,91,1790.0,163,2275.0,79,1130.0,105,2925.0,2050,33,25,73718,2216,1546,40,362,861,198,85,1546,1241,305,4449,4165,14,0,110,140,4295,67,15,193,0,44,7,11702,20.977198697068403,23.25938566552901,15.858369098712446,14.070247933884298,92.50902527075813,1.4891696750902528,2.58732212160414,3765.0,19.728331177231563,80.27166882276843,93.61654304338055,6.383456956619465,2015
108,"Census Tract 123, Providence County, Rhode Island",,3197,534,,618,,453,,182,,130,,60,,52,,3149,35,0,55603,3246,2734,143,1023,1089,342,137,2734,1860,874,6449,6152,84,0,64,30,6182,114,1,64,0,44,7,12300,,,,,97.0117067159581,1.0782501540357363,5.230431602048281,1811.888111888112,31.96781272860278,68.03218727139722,95.39463482710498,4.605365172895023,2015
109,"Census Tract 125, Providence County, Rhode Island",,2343,194,,210,,579,,82,,67,,11,,0,,2293,33,0,35652,2357,2526,323,1167,721,187,128,2526,1324,1202,5338,4781,5,44,191,144,4925,122,54,208,0,44,7,12500,,,,,97.2846839202376,1.4000848536274926,12.78701504354711,682.0433436532508,47.58511480601742,52.414885193982585,89.56538029224428,10.434619707755715,2015
110,"Census Tract 126.01, Providence County, Rhode Island",33495.0,1738,214,5280.0,177,3390.0,301,5420.0,98,2025.0,64,805.0,47,440.0,81,490.0,1176,11,22,85781,1848,677,14,223,349,76,15,677,593,84,4218,3562,163,47,257,115,3635,210,77,304,29,44,7,12601,19.272151898734176,22.17391304347826,18.659147869674186,11.216216216216216,63.63636363636363,0.5952380952380952,2.06794682422452,4735.714285714285,12.40768094534712,87.59231905465288,84.44760550023707,15.55239449976292,2015
111,"Census Tract 127.01, Providence County, Rhode Island",,2635,437,,459,,388,,237,,92,,24,,0,,2580,12,0,80671,2667,1787,119,329,825,316,198,1787,1519,268,5223,5120,29,12,39,23,5143,29,12,62,0,44,7,12701,,,,,96.73790776152981,0.44994375703037126,6.659205372132066,1401.6806722689075,14.997202014549524,85.00279798545047,98.02795328355352,1.9720467164464868,2015
112,"Census Tract 128.01, Providence County, Rhode Island",,2368,565,,322,,163,,112,,129,,38,,0,,2351,1,0,74806,2444,2013,261,554,591,409,198,2013,1280,733,4968,4966,1,0,0,0,4966,1,0,0,0,44,7,12801,,,,,96.19476268412438,0.04091653027823241,12.965722801788376,671.264367816092,36.41331346249379,63.58668653750621,99.9597423510467,0.040257648953301126,2015
113,"Census Tract 130.01, Providence County, Rhode Island",,1789,208,,236,,163,,45,,43,,49,,9,,1782,7,0,83964,1861,1203,10,203,471,336,183,1203,1164,39,3640,3526,8,0,23,83,3608,25,42,24,0,44,7,13001,,,,,95.75497044599678,0.37614185921547555,0.8312551953449709,11930.0,3.2418952618453867,96.75810473815461,96.86813186813187,3.131868131868132,2015
114,"Census Tract 130.02, Providence County, Rhode Island",107835.0,3682,793,23035.0,431,14425.0,235,7435.0,125,2020.0,156,3575.0,126,2130.0,54,735.0,3667,15,0,68696,3827,2837,60,802,1139,625,211,2837,2233,604,7340,7223,28,0,66,23,7246,34,17,66,0,44,7,13002,29.287072243346007,30.604575163398692,26.26388888888889,20.23049645390071,95.81917951397962,0.39195192056441075,2.1149101163200563,4628.333333333333,21.290095170955233,78.70990482904476,98.40599455040872,1.5940054495912805,2015
115,"Census Tract 131.01, Providence County, Rhode Island",76230.0,2270,462,16145.0,185,4715.0,321,8695.0,118,4000.0,53,1070.0,108,3370.0,0,-666666666.0,2219,13,12,80290,2408,1744,68,407,721,271,277,1744,1539,205,4802,4595,35,0,33,97,4692,87,45,33,0,44,7,13101,33.581497797356825,32.24111282843895,28.917995444191344,27.577639751552795,92.15116279069767,0.5398671096345514,3.89908256880734,2464.7058823529414,11.754587155963304,88.2454128440367,95.68929612661391,4.310703873386089,2015
116,"Census Tract 140, Providence County, Rhode Island",,2839,435,,366,,500,,134,,163,,109,,57,,2681,108,0,56098,2888,2210,92,954,893,131,140,2210,1598,612,6015,4700,220,55,624,141,4841,220,55,747,0,44,7,14000,,,,,92.83240997229917,3.739612188365651,4.162895927601809,2302.173913043478,27.692307692307693,72.3076923076923,78.13798836242727,21.862011637572735,2015
117,"Census Tract 144, Providence County, Rhode Island",,1844,275,,150,,398,,146,,153,,28,,0,,1800,44,0,75089,1932,1649,57,759,567,200,66,1649,1159,490,3670,3465,61,0,34,74,3501,111,24,48,14,44,7,14400,,,,,93.16770186335404,2.2774327122153206,3.4566403881140086,2792.982456140351,29.71497877501516,70.28502122498483,94.4141689373297,5.5858310626703,2015
118,"Census Tract 170, Providence County, Rhode Island",,2005,330,,337,,190,,104,,76,,35,,6,,1919,28,6,57161,2061,1726,82,773,636,216,19,1726,1270,456,4340,3293,583,23,100,163,3404,654,51,129,77,44,7,17000,,,,,93.11014070839398,1.3585638039786512,4.750869061413673,2004.8780487804877,26.41946697566628,73.58053302433372,75.87557603686635,24.12442396313364,2015
119,"Census Tract 151, Providence County, Rhode Island",,1810,223,,156,,24,,89,,230,,15,,41,,1572,114,0,22902,1862,1711,520,714,318,121,38,1711,452,1259,4550,1527,1616,0,66,281,1625,1817,81,103,64,44,7,15100,,,,,84.42534908700323,6.122448979591836,30.391583869082407,229.03846153846152,73.58270017533606,26.417299824663935,33.56043956043956,66.43956043956044,2015
120,"Census Tract 154, Providence County, Rhode Island",,1105,95,,83,,138,,49,,39,,45,,29,,1011,43,24,40150,1118,823,98,348,264,94,19,823,182,641,2374,930,866,0,0,175,995,981,48,14,24,44,7,15400,,,,,90.4293381037567,3.8461538461538463,11.907654921020656,739.795918367347,77.88578371810449,22.114216281895505,39.17438921651222,60.82561078348778,2015
121,"Census Tract 160, Providence County, Rhode Island",,1638,291,,256,,140,,126,,80,,10,,12,,1506,92,0,33850,1646,1487,216,926,274,23,48,1487,273,1214,3357,1792,770,100,43,64,1826,800,130,77,34,44,7,16000,,,,,91.49453219927096,5.5893074119076545,14.52589105581708,588.425925925926,81.64088769334231,18.3591123066577,53.38099493595472,46.619005064045275,2015
122,"Census Tract 168, Providence County, Rhode Island",,1363,250,,151,,110,,19,,47,,23,,39,,1291,14,0,50313,1389,1214,51,453,556,90,64,1214,788,426,3094,2563,201,5,43,100,2581,283,17,43,0,44,7,16800,,,,,92.9445644348452,1.0079193664506838,4.200988467874795,2280.392156862745,35.09060955518946,64.90939044481054,82.83775048480932,17.16224951519069,2015
123,"Census Tract 169, Providence County, Rhode Island",,1034,127,,182,,177,,84,,78,,44,,4,,1002,11,6,70804,1039,761,22,288,367,48,36,761,614,147,1951,1756,36,0,45,27,1783,63,0,45,0,44,7,16900,,,,,96.43888354186718,1.0587102983638113,2.890932982917214,3359.0909090909095,19.316688567674113,80.6833114323259,90.00512557662738,9.994874423372629,2015
124,"Census Tract 174, Providence County, Rhode Island",,1213,120,,110,,41,,54,,40,,12,,55,,1050,23,57,22601,1274,1519,356,647,423,49,44,1519,506,1013,3914,2982,409,0,326,94,3044,427,43,337,0,44,7,17400,,,,,82.41758241758241,1.805337519623234,23.436471362738644,326.685393258427,66.68861092824227,33.31138907175774,76.18804292284108,23.811957077158915,2015
125,"Census Tract 28, Providence County, Rhode Island",,2460,206,,136,,255,,187,,82,,137,,64,,2351,109,0,26532,2560,2408,535,1137,616,105,15,2408,811,1597,6351,3185,1115,78,203,385,3303,1431,314,251,0,44,7,2800,,,,,91.8359375,4.2578125,22.217607973421927,350.0934579439252,66.32059800664452,33.679401993355484,50.14958274287514,49.85041725712486,2015
126,"Census Tract 157, Providence County, Rhode Island",,1533,165,,181,,227,,42,,112,,88,,8,,1482,14,25,55746,1586,1277,37,574,449,131,86,1277,885,392,3282,2799,203,7,101,105,2904,293,38,101,0,44,7,15700,,,,,93.44262295081968,0.8827238335435058,2.8974158183241974,3351.3513513513517,30.696945967110416,69.30305403288959,85.28336380255942,14.716636197440586,2015
127,"Census Tract 107.02, Providence County, Rhode Island",,2135,358,,306,,249,,214,,31,,55,,17,,2100,28,0,64375,2204,1751,41,665,745,220,80,1751,1456,295,4165,3831,39,0,19,247,4028,105,50,70,0,44,7,10702,,,,,95.28130671506352,1.2704174228675136,2.3415191319246147,4170.731707317073,16.84751570531125,83.15248429468875,91.98079231692677,8.01920768307323,2015
128,"Census Tract 115, Providence County, Rhode Island",,3409,503,,374,,364,,233,,340,,13,,32,,3368,31,10,62115,3561,2592,107,1078,902,366,139,2592,1465,1127,6704,6081,345,6,133,65,6146,391,12,146,0,44,7,11500,,,,,94.58017410839652,0.8705419825891604,4.128086419753087,2322.429906542056,43.47993827160494,56.52006172839506,90.70704057279237,9.292959427207636,2015
129,"Census Tract 139, Providence County, Rhode Island",,1454,194,,138,,215,,244,,141,,45,,7,,1444,10,0,50139,1482,1431,114,645,449,153,70,1431,925,506,2843,2528,39,0,255,21,2549,39,0,276,0,44,7,13900,,,,,97.43589743589743,0.6747638326585695,7.966457023060797,1155.2631578947369,35.35988819007687,64.64011180992313,88.92015476609215,11.079845233907843,2015
130,"Census Tract 180, Providence County, Rhode Island",,619,49,,72,,82,,20,,27,,0,,40,,512,34,54,16433,626,1525,748,530,214,16,17,1525,123,1402,2504,2082,129,6,222,28,2110,138,15,222,0,44,7,18000,,,,,81.78913738019169,5.431309904153355,49.049180327868854,103.87700534759358,91.93442622950819,8.065573770491802,83.14696485623003,16.85303514376997,2015
131,"Census Tract 163, Providence County, Rhode Island",,1577,162,,256,,193,,100,,78,,14,,73,,1513,32,0,66159,1593,1110,46,410,472,121,61,1110,744,366,2819,1950,344,0,15,129,2042,440,0,28,16,44,7,16300,,,,,94.97802887633397,2.0087884494664157,4.1441441441441444,2313.0434782608695,32.972972972972975,67.02702702702703,69.17346576800284,30.82653423199716,2015
132,"Census Tract 13, Providence County, Rhode Island",,1935,145,,213,,313,,81,,194,,88,,84,,1311,203,150,26969,1954,1563,401,672,418,59,13,1563,311,1252,5076,1672,587,0,570,243,1788,608,129,650,0,44,7,1300,,,,,67.09314227226203,10.388945752302968,25.655790147152914,289.77556109725685,80.10236724248242,19.897632757517595,32.939322301024426,67.06067769897557,2015
133,"Census Tract 102, Providence County, Rhode Island",66520.0,3323,357,6900.0,442,7740.0,592,11900.0,188,3525.0,147,2350.0,178,1605.0,75,460.0,3056,209,0,48839,3347,2659,340,1126,1001,84,108,2659,1149,1510,7154,4897,950,4,357,713,5334,1641,217,373,0,44,7,10200,20.018055973517907,18.32290362953692,19.775641025641026,12.169230769230769,91.30564684792351,6.244397968329848,12.786761940579163,682.0588235294117,56.78826626551336,43.21173373448665,68.45121610287951,31.54878389712049,2015
134,"Census Tract 142, Providence County, Rhode Island",,1099,120,,192,,120,,118,,95,,37,,28,,1078,5,11,75903,1171,830,5,250,440,98,37,830,629,201,5990,3774,657,101,316,497,4033,1017,386,342,6,44,7,14200,,,,,92.05807002561913,0.4269854824935952,0.6024096385542169,16500.0,24.216867469879517,75.78313253012048,63.00500834724541,36.994991652754585,2015
135,"Census Tract 146, Providence County, Rhode Island",,3917,755,,614,,720,,280,,155,,18,,93,,3827,70,0,104265,3994,2300,24,386,1181,339,370,2300,2156,144,6890,6043,105,19,431,129,6172,176,52,489,0,44,7,14600,,,,,95.8187280921382,1.7526289434151225,1.0434782608695654,9483.333333333332,6.260869565217392,93.73913043478261,87.70682148040638,12.293178519593614,2015
136,"Census Tract 132.02, Providence County, Rhode Island",100925.0,3244,694,23115.0,353,10190.0,683,22185.0,63,960.0,170,4965.0,78,990.0,0,-666666666.0,3169,35,40,84844,3382,2312,119,425,931,555,282,2312,2123,189,5740,5614,17,20,17,72,5686,17,74,35,18,44,7,13202,31.111282367447597,31.809933142311365,31.025469168900806,24.012096774193548,93.70195150798344,1.034890597279716,5.147058823529411,1842.8571428571427,8.174740484429066,91.82525951557093,97.80487804878048,2.195121951219512,2015
137,"Census Tract 137.01, Providence County, Rhode Island",,1748,310,,283,,131,,95,,89,,51,,16,,1709,39,0,59477,1821,1457,52,562,614,144,85,1457,880,577,3951,3098,190,5,417,121,3210,226,26,448,0,44,7,13701,,,,,93.84953322350357,2.14168039538715,3.568977350720659,2701.923076923077,39.601921757035,60.39807824296499,78.41052898000507,21.58947101999494,2015
138,"Census Tract 138, Providence County, Rhode Island",,2516,366,,428,,303,,192,,270,,54,,50,,2443,73,0,62500,2555,1926,104,825,724,225,48,1926,1437,489,4740,3997,326,0,205,150,4147,460,0,221,0,44,7,13800,,,,,95.61643835616438,2.857142857142857,5.399792315680166,1751.923076923077,25.38940809968847,74.61059190031153,84.32489451476793,15.675105485232068,2015
139,"Census Tract 171, Providence County, Rhode Island",,2067,277,,267,,339,,119,,71,,91,,45,,1786,100,66,39201,2076,1769,236,814,474,176,69,1769,771,998,4728,3300,566,14,25,321,3500,775,20,79,12,44,7,17100,,,,,86.03082851637764,4.8169556840077075,13.340870548332392,649.5762711864406,56.41605426794799,43.583945732052,69.79695431472082,30.20304568527919,2015
140,"Census Tract 181, Providence County, Rhode Island",,1142,200,,36,,108,,51,,0,,20,,28,,931,20,146,31346,1142,1248,135,775,291,33,14,1248,274,974,2964,2697,114,0,37,99,2796,180,0,59,0,44,7,18100,,,,,81.52364273204904,1.7513134851138354,10.817307692307693,824.4444444444443,78.0448717948718,21.955128205128204,90.9919028340081,9.008097165991904,2015
